combination,total_games,wins,avg_position,avg_score,total_weighted,count_weighted,weighted_avg_score,win_rate,cn_name_plot
Aphrodite (breakthrough) + MorningStar Inc (breakthrough),29,16,1.5172413793103448,108.37931034482759,44.0,29,1.7692307692307692,55.17,Aphrodite (breakthrough) + MorningStar Inc (breakthrough)
Aphrodite (breakthrough) + UNMI (breakthrough),21,13,1.4285714285714286,114.76190476190476,30.0,21,1.7741935483870968,61.9,Aphrodite (breakthrough) + UNMI (breakthrough)
Ringcom + Vitor,29,18,1.5517241379310345,97.55172413793103,45.0,29,1.794871794871795,62.07,Ringcom + Vitor
Lakefront Resorts + ğŸŒ¸Green Leaf DanceğŸŒ¸,21,13,1.4761904761904763,73.19047619047619,31.0,21,1.8064516129032258,61.9,æ¹–ç•”åº¦å‡åŒº + ğŸŒ¸ç»¿å¶èˆåŠ¨ğŸŒ¸
Id Front + Prism,12,10,1.25,269.1666666666667,15.0,12,1.8181818181818181,83.33,å‰çº¿åŸºåœ° + æ£±é•œå…‰è°±ç ”ç©¶å®¤
EcoTec + ğŸŒ¸Buy N LargeğŸŒ¸,27,16,1.5925925925925926,85.70370370370371,43.0,27,1.837837837837838,59.26,EcoTec + ğŸŒ¸å¤§å·¨è´­ğŸŒ¸
Ambient + MorningStar Inc (breakthrough),48,24,1.7083333333333333,99.9375,82.0,48,1.8448275862068966,50.0, + MorningStar Inc (breakthrough)
Aphrodite (breakthrough) + Splice (breakthrough),10,8,1.2,104.1,12.0,10,1.85,80.0,Aphrodite (breakthrough) + Splice (breakthrough)
Splice (breakthrough) + ğŸŒ¸Integrated MicroorganismsğŸŒ¸,107,52,1.8037383177570094,102.95327102803738,193.0,107,1.8632478632478633,48.6,Splice (breakthrough) + ğŸŒ¸å¾®ç”Ÿç‰©æ˜Ÿå°˜ğŸŒ¸
Aphrodite (breakthrough) + Ecoline (breakthrough),13,8,1.3846153846153846,80.76923076923077,18.0,13,1.8695652173913044,61.54,Aphrodite (breakthrough) + Ecoline (breakthrough)
Interplanetary Cinematics (breakthrough) + UNMI (breakthrough),14,8,1.4285714285714286,97.78571428571429,20.0,14,1.875,57.14,Interplanetary Cinematics (breakthrough) + UNMI (breakthrough)
UNMI (breakthrough) + United Nations Mission One,29,13,1.6896551724137931,92.10344827586206,49.0,29,1.8974358974358974,44.83,UNMI (breakthrough) + United Nations Mission One
Aurorai + UNMI (breakthrough),10,8,1.3,89.8,13.0,10,1.9,80.0,Aurorai + UNMI (breakthrough)
ğŸŒ¸Ark NovağŸŒ¸ + ğŸŒ¸MirrorCoatğŸŒ¸,20,13,1.6,95.0,32.0,20,1.9,65.0,ğŸŒ¸æ–¹èˆŸåŠ¨ç‰©å›­ğŸŒ¸ + ğŸŒ¸é•œåğŸŒ¸
Ambient + Aphrodite (breakthrough),20,11,1.6,97.45,32.0,20,1.9,55.0, + Aphrodite (breakthrough)
ğŸŒ¸Energy Saving EcologyğŸŒ¸ + ğŸŒ¸Scolex IndustriesğŸŒ¸,12,8,1.4166666666666667,90.66666666666667,17.0,12,1.9090909090909092,66.67,ğŸŒ¸èŠ‚èƒ½ç”Ÿæ€ğŸŒ¸ + ğŸŒ¸æ˜Ÿæ ¸å·¥ä¸šğŸŒ¸
Celestic (breakthrough) + Vitor,53,28,1.8113207547169812,108.16981132075472,96.0,53,1.9206349206349207,52.83,Celestic (breakthrough) + Vitor
Eglogue + ğŸŒ¸Green Leaf DanceğŸŒ¸,25,13,1.72,73.2,43.0,25,1.9428571428571428,52.0,Eglogue + ğŸŒ¸ç»¿å¶èˆåŠ¨ğŸŒ¸
Manutech + ğŸŒ¸Scolex IndustriesğŸŒ¸,34,18,1.7941176470588236,99.20588235294117,61.0,34,1.9545454545454546,52.94,Manutech + ğŸŒ¸æ˜Ÿæ ¸å·¥ä¸šğŸŒ¸
Robinson Industries (breakthrough) + Viron (breakthrough),16,8,1.625,107.8125,26.0,16,1.9615384615384615,50.0,Robinson Industries (breakthrough) + Viron (breakthrough)
Valley Trust (breakthrough) + Vitor,47,22,1.851063829787234,94.59574468085107,87.0,47,1.9649122807017543,46.81,Valley Trust (breakthrough) + Vitor
MorningStar Inc (breakthrough) + Viron (breakthrough),20,14,1.7,116.25,34.0,20,1.9666666666666666,70.0,MorningStar Inc (breakthrough) + Viron (breakthrough)
Celestic (breakthrough) + MorningStar Inc (breakthrough),83,34,1.9036144578313252,106.21686746987952,158.0,83,1.967741935483871,40.96,Celestic (breakthrough) + MorningStar Inc (breakthrough)
Bio-Sol + ğŸŒ¸Integrated MicroorganismsğŸŒ¸,23,13,1.7391304347826086,105.04347826086956,40.0,23,1.9696969696969697,56.52, + ğŸŒ¸å¾®ç”Ÿç‰©æ˜Ÿå°˜ğŸŒ¸
ğŸŒ¸Mining CorpğŸŒ¸ + ğŸŒ¸SolarPlantğŸŒ¸,25,13,1.76,85.72,44.0,25,1.9714285714285715,52.0,ğŸŒ¸é’¢é“ç²¾ç‚¼ğŸŒ¸ + ğŸŒ¸å¤ªé˜³èƒ½å…¬å¸ğŸŒ¸
Polaris + ğŸŒ¸Green Leaf DanceğŸŒ¸,32,15,1.8125,83.0,58.0,32,1.9761904761904763,46.88,åŒ—ææ˜Ÿ + ğŸŒ¸ç»¿å¶èˆåŠ¨ğŸŒ¸
ğŸŒ¸Green Leaf DanceğŸŒ¸ + ğŸŒ¸RDAğŸŒ¸,35,17,1.8285714285714285,90.91428571428571,64.0,35,1.9777777777777779,48.57,ğŸŒ¸ç»¿å¶èˆåŠ¨ğŸŒ¸ + ğŸŒ¸RDAğŸŒ¸
Pobolog (breakthrough) + Ringcom,73,29,1.917808219178082,93.57534246575342,140.0,73,1.9879518072289157,39.73,Pobolog (breakthrough) + Ringcom
Arcadian Communities (breakthrough) + ğŸŒ¸ProwlerğŸŒ¸,12,7,1.5833333333333333,80.83333333333333,19.0,12,2.0,58.33,Arcadian Communities (breakthrough) + ğŸŒ¸å¾˜å¾Šè€…ğŸŒ¸
Interplanetary Cinematics (breakthrough) + ğŸŒ¸Energy Saving EcologyğŸŒ¸,11,8,1.5454545454545454,84.18181818181819,17.0,11,2.0,72.73,Interplanetary Cinematics (breakthrough) + ğŸŒ¸èŠ‚èƒ½ç”Ÿæ€ğŸŒ¸
Pobolog (breakthrough) + ğŸŒ¸Green RingğŸŒ¸,11,8,1.5454545454545454,97.18181818181819,17.0,11,2.0,72.73,Pobolog (breakthrough) + ğŸŒ¸ç»¿ç¯ğŸŒ¸
MorningStar Inc (breakthrough) + ğŸŒ¸StarlinkDrifterğŸŒ¸,16,10,1.6875,97.1875,27.0,16,2.0,62.5,MorningStar Inc (breakthrough) + ğŸŒ¸æ˜Ÿé“¾æ¼‚æµè€…ğŸŒ¸
Ecoline (breakthrough) + ğŸŒ¸ProwlerğŸŒ¸,74,27,1.9324324324324325,86.86486486486487,143.0,74,2.0,36.49,Ecoline (breakthrough) + ğŸŒ¸å¾˜å¾Šè€…ğŸŒ¸
PolderTECH Dutch + United Nations Mission One,17,8,1.7058823529411764,43.76470588235294,29.0,17,2.0,47.06,è·å…°åœ©ç”°ç§‘æŠ€ + United Nations Mission One
MorningStar Inc (breakthrough) + Splice (breakthrough),19,9,1.736842105263158,108.78947368421052,33.0,19,2.0,47.37,MorningStar Inc (breakthrough) + Splice (breakthrough)
Interplanetary Cinematics (breakthrough) + Luna Chain,10,6,1.5,117.8,15.0,10,2.0,60.0,Interplanetary Cinematics (breakthrough) + è¿æœˆ
Helion (breakthrough) + UNMI (breakthrough),14,7,1.6428571428571428,97.35714285714286,23.0,14,2.0,50.0,Helion (breakthrough) + UNMI (breakthrough)
MorningStar Inc (breakthrough) + Pobolog (breakthrough),19,10,1.736842105263158,103.73684210526316,33.0,19,2.0,52.63,MorningStar Inc (breakthrough) + Pobolog (breakthrough)
Ecoline (breakthrough) + Soylent Seedling Systems,12,6,1.5833333333333333,87.0,19.0,12,2.0,50.0,Ecoline (breakthrough) + ç´¢ä¼¦ç‰¹å¹¼è‹—ç³»ç»Ÿ
ğŸŒ¸Shinra TechğŸŒ¸ + ğŸŒ¸SolarPlantğŸŒ¸,80,31,1.95,85.2625,156.0,80,2.011111111111111,38.75,ğŸŒ¸æ¨±èŠ±ç”µğŸŒ¸ + ğŸŒ¸å¤ªé˜³èƒ½å…¬å¸ğŸŒ¸
ğŸŒ¸Energy Saving EcologyğŸŒ¸ + ğŸŒ¸SolarPlantğŸŒ¸,27,12,1.8518518518518519,88.77777777777777,50.0,27,2.027027027027027,44.44,ğŸŒ¸èŠ‚èƒ½ç”Ÿæ€ğŸŒ¸ + ğŸŒ¸å¤ªé˜³èƒ½å…¬å¸ğŸŒ¸
MorningStar Inc (breakthrough) + Valley Trust (breakthrough),19,10,1.7894736842105263,121.21052631578948,34.0,19,2.0344827586206895,52.63,MorningStar Inc (breakthrough) + Valley Trust (breakthrough)
MorningStar Inc (breakthrough) + Spire,16,9,1.75,92.4375,28.0,16,2.0384615384615383,56.25,MorningStar Inc (breakthrough) + Spire
Ecoline (breakthrough) + Lakefront Resorts,15,8,1.7333333333333334,89.46666666666667,26.0,15,2.04,53.33,Ecoline (breakthrough) + æ¹–ç•”åº¦å‡åŒº
Inventrix (breakthrough) + Pobolog (breakthrough),14,6,1.7142857142857142,115.35714285714286,24.0,14,2.0416666666666665,42.86,Inventrix (breakthrough) + Pobolog (breakthrough)
Spire + ğŸŒ¸Ark NovağŸŒ¸,13,8,1.6923076923076923,159.53846153846155,22.0,13,2.0434782608695654,61.54,Spire + ğŸŒ¸æ–¹èˆŸåŠ¨ç‰©å›­ğŸŒ¸
Interplanetary Cinematics (breakthrough) + ğŸŒ¸Scolex IndustriesğŸŒ¸,12,6,1.6666666666666667,102.33333333333333,20.0,12,2.0454545454545454,50.0,Interplanetary Cinematics (breakthrough) + ğŸŒ¸æ˜Ÿæ ¸å·¥ä¸šğŸŒ¸
Septem Tribus + Viron (breakthrough),55,25,1.9636363636363636,90.14545454545454,108.0,55,2.046153846153846,45.45,Septem Tribus + Viron (breakthrough)
Arcadian Communities (breakthrough) + ğŸŒ¸Green Leaf DanceğŸŒ¸,11,5,1.6363636363636365,80.27272727272727,18.0,11,2.0476190476190474,45.45,Arcadian Communities (breakthrough) + ğŸŒ¸ç»¿å¶èˆåŠ¨ğŸŒ¸
Aphrodite (breakthrough) + ğŸŒ¸ProwlerğŸŒ¸,10,5,1.6,93.1,16.0,10,2.05,50.0,Aphrodite (breakthrough) + ğŸŒ¸å¾˜å¾Šè€…ğŸŒ¸
Vitor + ğŸŒ¸Integrated MicroorganismsğŸŒ¸,30,12,1.9,99.8,57.0,30,2.05,40.0,Vitor + ğŸŒ¸å¾®ç”Ÿç‰©æ˜Ÿå°˜ğŸŒ¸
Eglogue + Polaris,10,5,1.6,71.1,16.0,10,2.05,50.0,Eglogue + åŒ—ææ˜Ÿ
Aristarchus + Point Luna,10,6,1.6,104.8,16.0,10,2.05,60.0,Aristarchus + Point Luna
Polaris + ğŸŒ¸SolarPlantğŸŒ¸,10,6,1.6,75.2,16.0,10,2.05,60.0,åŒ—ææ˜Ÿ + ğŸŒ¸å¤ªé˜³èƒ½å…¬å¸ğŸŒ¸
Ambient + Celestic (breakthrough),60,26,1.9833333333333334,84.76666666666667,119.0,60,2.057142857142857,43.33, + Celestic (breakthrough)
Hecate Speditions + Vitor,17,8,1.8235294117647058,94.76470588235294,31.0,17,2.074074074074074,47.06,èµ«å¡å¿’æ¢é™©é˜Ÿ + Vitor
ğŸŒ¸Integrated MicroorganismsğŸŒ¸ + ğŸŒ¸ProtogenğŸŒ¸,68,28,2.014705882352941,93.45588235294117,137.0,68,2.076923076923077,41.18,ğŸŒ¸å¾®ç”Ÿç‰©æ˜Ÿå°˜ğŸŒ¸ + ğŸŒ¸å¾®ç”Ÿç‰©çƒ­èˆğŸŒ¸
Arcadian Communities (breakthrough) + Ecoline (breakthrough),16,9,1.8125,91.25,29.0,16,2.076923076923077,56.25,Arcadian Communities (breakthrough) + Ecoline (breakthrough)
Pobolog (breakthrough) + ğŸŒ¸Scolex IndustriesğŸŒ¸,27,9,1.9259259259259258,94.55555555555556,52.0,27,2.081081081081081,33.33,Pobolog (breakthrough) + ğŸŒ¸æ˜Ÿæ ¸å·¥ä¸šğŸŒ¸
Interplanetary Cinematics (breakthrough) + ğŸŒ¸EliteTechğŸŒ¸,27,14,1.9259259259259258,85.0,52.0,27,2.081081081081081,51.85,Interplanetary Cinematics (breakthrough) + ğŸŒ¸ç²¾è‹±å›é¦ˆğŸŒ¸
Celestic (breakthrough) + Poseidon,27,14,1.9259259259259258,94.33333333333333,52.0,27,2.081081081081081,51.85,Celestic (breakthrough) + Poseidon
Ecoline (breakthrough) + Tharsis_republic (breakthrough),14,6,1.7857142857142858,90.85714285714286,25.0,14,2.0833333333333335,42.86,Ecoline (breakthrough) + Tharsis_republic (breakthrough)
Spire + ğŸŒ¸SolarPlantğŸŒ¸,13,6,1.7692307692307692,87.46153846153847,23.0,13,2.0869565217391304,46.15,Spire + ğŸŒ¸å¤ªé˜³èƒ½å…¬å¸ğŸŒ¸
Interplanetary Cinematics (breakthrough) + Vitor,24,11,1.9166666666666667,95.54166666666667,46.0,24,2.088235294117647,45.83,Interplanetary Cinematics (breakthrough) + Vitor
Celestic (breakthrough) + Splice (breakthrough),23,10,1.9130434782608696,89.52173913043478,44.0,23,2.090909090909091,43.48,Celestic (breakthrough) + Splice (breakthrough)
Pobolog (breakthrough) + Point Luna,34,15,1.9705882352941178,111.6470588235294,67.0,34,2.090909090909091,44.12,Pobolog (breakthrough) + Point Luna
Eglogue + Helion (breakthrough),12,5,1.75,68.25,21.0,12,2.090909090909091,41.67,Eglogue + Helion (breakthrough)
Chaos + Interplanetary Cinematics (breakthrough),12,6,1.75,98.0,21.0,12,2.090909090909091,50.0,Chaos + Interplanetary Cinematics (breakthrough)
Ecoline (breakthrough) + UNMI (breakthrough),12,5,1.75,103.0,21.0,12,2.090909090909091,41.67,Ecoline (breakthrough) + UNMI (breakthrough)
Eglogue + ğŸŒ¸ProwlerğŸŒ¸,22,9,1.9090909090909092,78.81818181818181,42.0,22,2.09375,40.91,Eglogue + ğŸŒ¸å¾˜å¾Šè€…ğŸŒ¸
Aridor + Valley Trust (breakthrough),22,9,1.9090909090909092,140.0909090909091,42.0,22,2.09375,40.91,Aridor + Valley Trust (breakthrough)
Arklight (breakthrough) + Point Luna,11,6,1.7272727272727273,144.0,19.0,11,2.0952380952380953,54.55,Arklight (breakthrough) + Point Luna
CrediCor + Soylent Seedling Systems,21,7,1.9047619047619047,51.285714285714285,40.0,21,2.096774193548387,33.33,CrediCor + ç´¢ä¼¦ç‰¹å¹¼è‹—ç³»ç»Ÿ
Ecoline (breakthrough) + Manutech,10,4,1.7,80.7,17.0,10,2.1,40.0,Ecoline (breakthrough) + Manutech
Celestic (breakthrough) + United Nations Mission One,10,4,1.7,95.1,17.0,10,2.1,40.0,Celestic (breakthrough) + United Nations Mission One
Spire + ğŸŒ¸Scolex IndustriesğŸŒ¸,10,6,1.7,87.6,17.0,10,2.1,60.0,Spire + ğŸŒ¸æ˜Ÿæ ¸å·¥ä¸šğŸŒ¸
ğŸŒ¸Integrated MicroorganismsğŸŒ¸ + ğŸŒ¸Shinra TechğŸŒ¸,10,6,1.7,127.5,17.0,10,2.1,60.0,ğŸŒ¸å¾®ç”Ÿç‰©æ˜Ÿå°˜ğŸŒ¸ + ğŸŒ¸æ¨±èŠ±ç”µğŸŒ¸
Interplanetary Cinematics (breakthrough) + Spire,29,14,1.9655172413793103,82.93103448275862,57.0,29,2.1025641025641026,48.28,Interplanetary Cinematics (breakthrough) + Spire
Splice (breakthrough) + ğŸŒ¸ProtogenğŸŒ¸,48,20,2.0208333333333335,87.29166666666667,97.0,48,2.103448275862069,41.67,Splice (breakthrough) + ğŸŒ¸å¾®ç”Ÿç‰©çƒ­èˆğŸŒ¸
CrediCor + United Nations Mission One,19,7,1.894736842105263,43.73684210526316,36.0,19,2.103448275862069,36.84,CrediCor + United Nations Mission One
Point Luna + UNMI (breakthrough),18,7,1.8888888888888888,116.72222222222223,34.0,18,2.107142857142857,38.89,Point Luna + UNMI (breakthrough)
Ambient + ğŸŒ¸Energy Saving EcologyğŸŒ¸,34,12,2.0,77.6470588235294,68.0,34,2.1136363636363638,35.29, + ğŸŒ¸èŠ‚èƒ½ç”Ÿæ€ğŸŒ¸
Spire + Valley Trust (breakthrough),34,14,2.0,104.61764705882354,68.0,34,2.1136363636363638,41.18,Spire + Valley Trust (breakthrough)
Pobolog (breakthrough) + Spire,16,7,1.875,144.5,30.0,16,2.1153846153846154,43.75,Pobolog (breakthrough) + Spire
Splice (breakthrough) + Valley Trust (breakthrough),16,7,1.875,91.0625,30.0,16,2.1153846153846154,43.75,Splice (breakthrough) + Valley Trust (breakthrough)
Soylent Seedling Systems + ğŸŒ¸Buy N LargeğŸŒ¸,16,8,1.875,75.8125,30.0,16,2.1153846153846154,50.0,ç´¢ä¼¦ç‰¹å¹¼è‹—ç³»ç»Ÿ + ğŸŒ¸å¤§å·¨è´­ğŸŒ¸
Polaris + ğŸŒ¸RDAğŸŒ¸,23,12,1.9565217391304348,79.26086956521739,45.0,23,2.121212121212121,52.17,åŒ—ææ˜Ÿ + ğŸŒ¸RDAğŸŒ¸
Ecoline (breakthrough) + ğŸŒ¸RDAğŸŒ¸,23,8,1.9565217391304348,76.17391304347827,45.0,23,2.121212121212121,34.78,Ecoline (breakthrough) + ğŸŒ¸RDAğŸŒ¸
Ringcom + Valley Trust (breakthrough),31,8,2.0,82.09677419354838,62.0,31,2.1219512195121952,25.81,Ringcom + Valley Trust (breakthrough)
Id Front + Imperial Star Destroyer,14,5,1.8571428571428572,129.0,26.0,14,2.125,35.71,å‰çº¿åŸºåœ° + å¸å›½æ­¼æ˜Ÿèˆ°
Sagitta Frontier Services + Teractor (breakthrough),14,5,1.8571428571428572,115.07142857142857,26.0,14,2.125,35.71,Sagitta Frontier Services + Teractor (breakthrough)
Celestic (breakthrough) + ğŸŒ¸Scolex IndustriesğŸŒ¸,14,6,1.8571428571428572,98.78571428571429,26.0,14,2.125,42.86,Celestic (breakthrough) + ğŸŒ¸æ˜Ÿæ ¸å·¥ä¸šğŸŒ¸
Interplanetary Cinematics (breakthrough) + MorningStar Inc (breakthrough),21,9,1.9523809523809523,106.04761904761905,41.0,21,2.129032258064516,42.86,Interplanetary Cinematics (breakthrough) + MorningStar Inc (breakthrough)
Valley Trust (breakthrough) + ğŸŒ¸Mining CorpğŸŒ¸,21,9,1.9523809523809523,104.0,41.0,21,2.129032258064516,42.86,Valley Trust (breakthrough) + ğŸŒ¸é’¢é“ç²¾ç‚¼ğŸŒ¸
Manutech + Robinson Industries (breakthrough),13,7,1.8461538461538463,117.6923076923077,24.0,13,2.130434782608696,53.85,Manutech + Robinson Industries (breakthrough)
Interplanetary Cinematics (breakthrough) + Sagitta Frontier Services,13,7,1.8461538461538463,98.84615384615384,24.0,13,2.130434782608696,53.85,Interplanetary Cinematics (breakthrough) + Sagitta Frontier Services
EcoTec + ğŸŒ¸Green Leaf DanceğŸŒ¸,13,4,1.8461538461538463,79.76923076923077,24.0,13,2.130434782608696,30.77,EcoTec + ğŸŒ¸ç»¿å¶èˆåŠ¨ğŸŒ¸
Interplanetary Cinematics (breakthrough) + ğŸŒ¸TyrellğŸŒ¸,13,4,1.8461538461538463,87.07692307692308,24.0,13,2.130434782608696,30.77,Interplanetary Cinematics (breakthrough) + ğŸŒ¸æ³°ç‘å°”å…¬å¸ğŸŒ¸
MorningStar Inc (breakthrough) + ğŸŒ¸Weyland YutaniğŸŒ¸,13,4,1.8461538461538463,91.15384615384616,24.0,13,2.130434782608696,30.77,MorningStar Inc (breakthrough) + ğŸŒ¸éŸ¦å…°å¾·-å°¤å¦å°¼é›†å›¢ğŸŒ¸
Celestic (breakthrough) + Teractor (breakthrough),34,13,2.0294117647058822,96.20588235294117,69.0,34,2.1363636363636362,38.24,Celestic (breakthrough) + Teractor (breakthrough)
Arcadian Communities (breakthrough) + ğŸŒ¸SolarPlantğŸŒ¸,12,6,1.8333333333333333,82.41666666666667,22.0,12,2.1363636363636362,50.0,Arcadian Communities (breakthrough) + ğŸŒ¸å¤ªé˜³èƒ½å…¬å¸ğŸŒ¸
Arcadian Communities (breakthrough) + Polaris,12,5,1.8333333333333333,78.33333333333333,22.0,12,2.1363636363636362,41.67,Arcadian Communities (breakthrough) + åŒ—ææ˜Ÿ
Ringcom + StormCraft Incorporated (breakthrough),111,37,2.108108108108108,88.09909909909909,234.0,111,2.1404958677685952,33.33,Ringcom + StormCraft Incorporated (breakthrough)
Manutech + Prism,11,6,1.8181818181818181,113.9090909090909,20.0,11,2.142857142857143,54.55,Manutech + æ£±é•œå…‰è°±ç ”ç©¶å®¤
Spire + ğŸŒ¸Mining CorpğŸŒ¸,11,5,1.8181818181818181,83.9090909090909,20.0,11,2.142857142857143,45.45,Spire + ğŸŒ¸é’¢é“ç²¾ç‚¼ğŸŒ¸
ğŸŒ¸Green Leaf DanceğŸŒ¸ + ğŸŒ¸ProwlerğŸŒ¸,39,17,2.051282051282051,82.76923076923077,80.0,39,2.142857142857143,43.59,ğŸŒ¸ç»¿å¶èˆåŠ¨ğŸŒ¸ + ğŸŒ¸å¾˜å¾Šè€…ğŸŒ¸
Arcadian Communities (breakthrough) + Valley Trust (breakthrough),11,4,1.8181818181818181,87.18181818181819,20.0,11,2.142857142857143,36.36,Arcadian Communities (breakthrough) + Valley Trust (breakthrough)
Splice (breakthrough) + ğŸŒ¸Energy Saving EcologyğŸŒ¸,11,5,1.8181818181818181,72.36363636363636,20.0,11,2.142857142857143,45.45,Splice (breakthrough) + ğŸŒ¸èŠ‚èƒ½ç”Ÿæ€ğŸŒ¸
MorningStar Inc (breakthrough) + Point Luna,24,12,2.0,120.54166666666667,48.0,24,2.1470588235294117,50.0,MorningStar Inc (breakthrough) + Point Luna
Splice (breakthrough) + Vitor,17,8,1.9411764705882353,103.23529411764706,33.0,17,2.1481481481481484,47.06,Splice (breakthrough) + Vitor
ğŸŒ¸Energy Saving EcologyğŸŒ¸ + ğŸŒ¸Shinra TechğŸŒ¸,10,5,1.8,84.6,18.0,10,2.15,50.0,ğŸŒ¸èŠ‚èƒ½ç”Ÿæ€ğŸŒ¸ + ğŸŒ¸æ¨±èŠ±ç”µğŸŒ¸
Interplanetary Cinematics (breakthrough) + United Nations Mission One,10,4,1.8,90.0,18.0,10,2.15,40.0,Interplanetary Cinematics (breakthrough) + United Nations Mission One
Pobolog (breakthrough) + Teractor (breakthrough),30,11,2.033333333333333,95.3,61.0,30,2.15,36.67,Pobolog (breakthrough) + Teractor (breakthrough)
Pharmacy Union + Splice (breakthrough),23,7,2.0,101.65217391304348,46.0,23,2.1515151515151514,30.43,åˆ¶è¯è”ç›Ÿ + Splice (breakthrough)
Inventrix (breakthrough) + MorningStar Inc (breakthrough),15,7,1.9333333333333333,117.6,29.0,15,2.16,46.67,Inventrix (breakthrough) + MorningStar Inc (breakthrough)
Labour Union + Soylent Seedling Systems,15,5,1.9333333333333333,44.86666666666667,29.0,15,2.16,33.33,Labour Union + ç´¢ä¼¦ç‰¹å¹¼è‹—ç³»ç»Ÿ
ğŸŒ¸MirrorCoatğŸŒ¸ + ğŸŒ¸Scolex IndustriesğŸŒ¸,15,6,1.9333333333333333,98.46666666666667,29.0,15,2.16,40.0,ğŸŒ¸é•œåğŸŒ¸ + ğŸŒ¸æ˜Ÿæ ¸å·¥ä¸šğŸŒ¸
Celestic (breakthrough) + Spire,21,9,2.0,99.14285714285714,42.0,21,2.161290322580645,42.86,Celestic (breakthrough) + Spire
Recyclon (breakthrough) + ğŸŒ¸ProtogenğŸŒ¸,20,6,2.0,78.7,40.0,20,2.1666666666666665,30.0,Recyclon (breakthrough) + ğŸŒ¸å¾®ç”Ÿç‰©çƒ­èˆğŸŒ¸
Interplanetary Cinematics (breakthrough) + Ringcom,14,5,1.9285714285714286,96.28571428571429,27.0,14,2.1666666666666665,35.71,Interplanetary Cinematics (breakthrough) + Ringcom
Prism + ğŸŒ¸Integrated MicroorganismsğŸŒ¸,20,8,2.0,105.4,40.0,20,2.1666666666666665,40.0,æ£±é•œå…‰è°±ç ”ç©¶å®¤ + ğŸŒ¸å¾®ç”Ÿç‰©æ˜Ÿå°˜ğŸŒ¸
Factorum (breakthrough) + Manutech,20,7,2.0,116.35,40.0,20,2.1666666666666665,35.0,Factorum (breakthrough) + Manutech
Arklight (breakthrough) + ğŸŒ¸ProwlerğŸŒ¸,25,11,2.04,86.8,51.0,25,2.1714285714285713,44.0,Arklight (breakthrough) + ğŸŒ¸å¾˜å¾Šè€…ğŸŒ¸
Polaris + United Nations Mission One,13,5,1.9230769230769231,72.53846153846153,25.0,13,2.1739130434782608,38.46,åŒ—ææ˜Ÿ + United Nations Mission One
Interplanetary Cinematics (breakthrough) + StormCraft Incorporated (breakthrough),13,5,1.9230769230769231,103.07692307692308,25.0,13,2.1739130434782608,38.46,Interplanetary Cinematics (breakthrough) + StormCraft Incorporated (breakthrough)
Eglogue + ğŸŒ¸Energy Saving EcologyğŸŒ¸,13,5,1.9230769230769231,70.15384615384616,25.0,13,2.1739130434782608,38.46,Eglogue + ğŸŒ¸èŠ‚èƒ½ç”Ÿæ€ğŸŒ¸
UNMI (breakthrough) + Viron (breakthrough),13,6,1.9230769230769231,95.0,25.0,13,2.1739130434782608,46.15,UNMI (breakthrough) + Viron (breakthrough)
EcoTec + ğŸŒ¸Integrated MicroorganismsğŸŒ¸,53,19,2.1132075471698113,89.32075471698113,112.0,53,2.1746031746031744,35.85,EcoTec + ğŸŒ¸å¾®ç”Ÿç‰©æ˜Ÿå°˜ğŸŒ¸
Millennium Falcon + Viron (breakthrough),18,9,2.0,102.72222222222223,36.0,18,2.1785714285714284,50.0,åƒå¹´éš¼ + Viron (breakthrough)
EcoTec + ğŸŒ¸ProtogenğŸŒ¸,29,9,2.0689655172413794,77.0,60.0,29,2.1794871794871793,31.03,EcoTec + ğŸŒ¸å¾®ç”Ÿç‰©çƒ­èˆğŸŒ¸
Vitor + ğŸŒ¸SolarPlantğŸŒ¸,12,6,1.9166666666666667,107.33333333333333,23.0,12,2.1818181818181817,50.0,Vitor + ğŸŒ¸å¤ªé˜³èƒ½å…¬å¸ğŸŒ¸
Ecoline (breakthrough) + Eglogue,12,6,1.9166666666666667,72.83333333333333,23.0,12,2.1818181818181817,50.0,Ecoline (breakthrough) + Eglogue
Terralabs Research (breakthrough) + Vitor,28,13,2.0714285714285716,85.25,58.0,28,2.1842105263157894,46.43,Terralabs Research (breakthrough) + Vitor
Sagitta Frontier Services + Vitor,17,7,2.0,104.88235294117646,34.0,17,2.185185185185185,41.18,Sagitta Frontier Services + Vitor
Soylent Seedling Systems + United Nations Mission One,17,4,2.0,39.64705882352941,34.0,17,2.185185185185185,23.53,ç´¢ä¼¦ç‰¹å¹¼è‹—ç³»ç»Ÿ + United Nations Mission One
Ecoline (breakthrough) + Polaris,11,5,1.9090909090909092,86.9090909090909,21.0,11,2.1904761904761907,45.45,Ecoline (breakthrough) + åŒ—ææ˜Ÿ
Luna Chain + Valley Trust (breakthrough),16,8,2.0,95.375,32.0,16,2.1923076923076925,50.0,è¿æœˆ + Valley Trust (breakthrough)
Celestic (breakthrough) + ğŸŒ¸SolarPlantğŸŒ¸,16,6,2.0,110.625,32.0,16,2.1923076923076925,37.5,Celestic (breakthrough) + ğŸŒ¸å¤ªé˜³èƒ½å…¬å¸ğŸŒ¸
Arcadian Communities (breakthrough) + Eglogue,16,5,2.0,74.6875,32.0,16,2.1923076923076925,31.25,Arcadian Communities (breakthrough) + Eglogue
Celestic (breakthrough) + Interplanetary Cinematics (breakthrough),31,7,2.096774193548387,90.48387096774194,65.0,31,2.1951219512195124,22.58,Celestic (breakthrough) + Interplanetary Cinematics (breakthrough)
ğŸŒ¸Buy N LargeğŸŒ¸ + ğŸŒ¸Integrated MicroorganismsğŸŒ¸,20,8,2.05,83.1,41.0,20,2.2,40.0,ğŸŒ¸å¤§å·¨è´­ğŸŒ¸ + ğŸŒ¸å¾®ç”Ÿç‰©æ˜Ÿå°˜ğŸŒ¸
Celestic (breakthrough) + Robin Haulings,10,4,1.9,103.6,19.0,10,2.2,40.0,Celestic (breakthrough) + ç½—å®¾è¿è¾“
ğŸŒ¸Energy Saving EcologyğŸŒ¸ + ğŸŒ¸Integrated MicroorganismsğŸŒ¸,10,4,1.9,80.0,19.0,10,2.2,40.0,ğŸŒ¸èŠ‚èƒ½ç”Ÿæ€ğŸŒ¸ + ğŸŒ¸å¾®ç”Ÿç‰©æ˜Ÿå°˜ğŸŒ¸
Inventrix (breakthrough) + ğŸŒ¸TyrellğŸŒ¸,10,4,1.9,108.2,19.0,10,2.2,40.0,Inventrix (breakthrough) + ğŸŒ¸æ³°ç‘å°”å…¬å¸ğŸŒ¸
Ringcom + ğŸŒ¸EliteTechğŸŒ¸,25,9,2.08,92.96,52.0,25,2.2,36.0,Ringcom + ğŸŒ¸ç²¾è‹±å›é¦ˆğŸŒ¸
Tycho Magnetics + é›©å–µç§‘å­¦æ¢æµ‹å™¨,10,4,1.9,113.3,19.0,10,2.2,40.0,ç¬¬è°·ç£åŠ› + é›©å–µç§‘å­¦æ¢æµ‹å™¨
CrediCor + Poseidon,10,4,1.9,115.6,19.0,10,2.2,40.0,CrediCor + Poseidon
ğŸŒ¸Energy Saving EcologyğŸŒ¸ + ğŸŒ¸Green Leaf DanceğŸŒ¸,10,4,1.9,80.4,19.0,10,2.2,40.0,ğŸŒ¸èŠ‚èƒ½ç”Ÿæ€ğŸŒ¸ + ğŸŒ¸ç»¿å¶èˆåŠ¨ğŸŒ¸
Interplanetary Cinematics (breakthrough) + ğŸŒ¸Integrated MicroorganismsğŸŒ¸,24,11,2.0833333333333335,96.08333333333333,50.0,24,2.2058823529411766,45.83,Interplanetary Cinematics (breakthrough) + ğŸŒ¸å¾®ç”Ÿç‰©æ˜Ÿå°˜ğŸŒ¸
Tharsis_republic (breakthrough) + ğŸŒ¸RDAğŸŒ¸,19,6,2.0526315789473686,89.10526315789474,39.0,19,2.206896551724138,31.58,Tharsis_republic (breakthrough) + ğŸŒ¸RDAğŸŒ¸
Aridor + MorningStar Inc (breakthrough),14,4,2.0,105.57142857142857,28.0,14,2.2083333333333335,28.57,Aridor + MorningStar Inc (breakthrough)
Chaos + Valley Trust (breakthrough),14,5,2.0,118.42857142857143,28.0,14,2.2083333333333335,35.71,Chaos + Valley Trust (breakthrough)
Manutech + Vitor,14,7,2.0,125.5,28.0,14,2.2083333333333335,50.0,Manutech + Vitor
Inventrix (breakthrough) + Spire,23,8,2.0869565217391304,116.30434782608695,48.0,23,2.212121212121212,34.78,Inventrix (breakthrough) + Spire
Splice (breakthrough) + ğŸŒ¸Buy N LargeğŸŒ¸,18,6,2.0555555555555554,87.38888888888889,37.0,18,2.2142857142857144,33.33,Splice (breakthrough) + ğŸŒ¸å¤§å·¨è´­ğŸŒ¸
Arcadian Communities (breakthrough) + ğŸŒ¸Ark NovağŸŒ¸,18,9,2.0555555555555554,87.94444444444444,37.0,18,2.2142857142857144,50.0,Arcadian Communities (breakthrough) + ğŸŒ¸æ–¹èˆŸåŠ¨ç‰©å›­ğŸŒ¸
MorningStar Inc (breakthrough) + Prism,13,6,2.0,125.15384615384616,26.0,13,2.217391304347826,46.15,MorningStar Inc (breakthrough) + æ£±é•œå…‰è°±ç ”ç©¶å®¤
ğŸŒ¸Green RingğŸŒ¸ + ğŸŒ¸StarlinkDrifterğŸŒ¸,13,5,2.0,114.61538461538461,26.0,13,2.217391304347826,38.46,ğŸŒ¸ç»¿ç¯ğŸŒ¸ + ğŸŒ¸æ˜Ÿé“¾æ¼‚æµè€…ğŸŒ¸
Arcadian Communities (breakthrough) + Vitor,13,5,2.0,84.92307692307692,26.0,13,2.217391304347826,38.46,Arcadian Communities (breakthrough) + Vitor
Interplanetary Cinematics (breakthrough) + Pobolog (breakthrough),40,13,2.15,89.75,86.0,40,2.22,32.5,Interplanetary Cinematics (breakthrough) + Pobolog (breakthrough)
Chaos + ğŸŒ¸Scolex IndustriesğŸŒ¸,17,7,2.0588235294117645,93.05882352941177,35.0,17,2.2222222222222223,41.18,Chaos + ğŸŒ¸æ˜Ÿæ ¸å·¥ä¸šğŸŒ¸
Vitor + ğŸŒ¸Ark NovağŸŒ¸,26,8,2.1153846153846154,105.42307692307692,55.0,26,2.2222222222222223,30.77,Vitor + ğŸŒ¸æ–¹èˆŸåŠ¨ç‰©å›­ğŸŒ¸
Prism + ğŸŒ¸Ark NovağŸŒ¸,17,8,2.0588235294117645,110.23529411764706,35.0,17,2.2222222222222223,47.06,æ£±é•œå…‰è°±ç ”ç©¶å®¤ + ğŸŒ¸æ–¹èˆŸåŠ¨ç‰©å›­ğŸŒ¸
Celestic (breakthrough) + Ringcom,30,10,2.1333333333333333,92.96666666666667,64.0,30,2.225,33.33,Celestic (breakthrough) + Ringcom
Poseidon + Valley Trust (breakthrough),21,8,2.0952380952380953,102.14285714285714,44.0,21,2.225806451612903,38.1,Poseidon + Valley Trust (breakthrough)
Teractor (breakthrough) + Vitor,34,11,2.1470588235294117,94.44117647058823,73.0,34,2.227272727272727,32.35,Teractor (breakthrough) + Vitor
Valley Trust (breakthrough) + ğŸŒ¸Scolex IndustriesğŸŒ¸,12,4,2.0,106.08333333333333,24.0,12,2.227272727272727,33.33,Valley Trust (breakthrough) + ğŸŒ¸æ˜Ÿæ ¸å·¥ä¸šğŸŒ¸
Ecoline (breakthrough) + Splice (breakthrough),12,5,2.0,86.66666666666667,24.0,12,2.227272727272727,41.67,Ecoline (breakthrough) + Splice (breakthrough)
EcoTec + Eglogue,12,3,2.0,81.58333333333333,24.0,12,2.227272727272727,25.0,EcoTec + Eglogue
Ecoline (breakthrough) + ğŸŒ¸Green Leaf DanceğŸŒ¸,25,7,2.12,89.68,53.0,25,2.2285714285714286,28.0,Ecoline (breakthrough) + ğŸŒ¸ç»¿å¶èˆåŠ¨ğŸŒ¸
Aurorai + CrediCor,25,8,2.12,39.76,53.0,25,2.2285714285714286,32.0,Aurorai + CrediCor
MorningStar Inc (breakthrough) + é›©å–µç§‘å­¦æ¢æµ‹å™¨,16,7,2.0625,107.75,33.0,16,2.230769230769231,43.75,MorningStar Inc (breakthrough) + é›©å–µç§‘å­¦æ¢æµ‹å™¨
Incite Ender + ğŸŒ¸ThermopoliğŸŒ¸,46,17,2.1739130434782608,78.3695652173913,100.0,46,2.232142857142857,36.96,Incite Ender + ğŸŒ¸ç²¾çµçƒ­èˆğŸŒ¸
Arcadian Communities (breakthrough) + Interplanetary Cinematics (breakthrough),20,8,2.1,79.55,42.0,20,2.2333333333333334,40.0,Arcadian Communities (breakthrough) + Interplanetary Cinematics (breakthrough)
PolderTECH Dutch + Soylent Seedling Systems,24,6,2.125,37.791666666666664,51.0,24,2.235294117647059,25.0,è·å…°åœ©ç”°ç§‘æŠ€ + ç´¢ä¼¦ç‰¹å¹¼è‹—ç³»ç»Ÿ
PolderTECH Dutch + Void,11,4,2.0,37.18181818181818,22.0,11,2.238095238095238,36.36,è·å…°åœ©ç”°ç§‘æŠ€ + Void
Vitor + ğŸŒ¸Green RingğŸŒ¸,11,5,2.0,105.81818181818181,22.0,11,2.238095238095238,45.45,Vitor + ğŸŒ¸ç»¿ç¯ğŸŒ¸
Poseidon + Teractor (breakthrough),15,6,2.066666666666667,93.53333333333333,31.0,15,2.24,40.0,Poseidon + Teractor (breakthrough)
Hecate Speditions + Ringcom,15,4,2.066666666666667,93.66666666666667,31.0,15,2.24,26.67,èµ«å¡å¿’æ¢é™©é˜Ÿ + Ringcom
Chaos + Midas,15,6,2.066666666666667,93.86666666666666,31.0,15,2.24,40.0,Chaos + Midas
EcoTec + ğŸŒ¸ProwlerğŸŒ¸,40,15,2.175,86.525,87.0,40,2.24,37.5,EcoTec + ğŸŒ¸å¾˜å¾Šè€…ğŸŒ¸
Hecate Speditions + Teractor (breakthrough),15,5,2.066666666666667,86.13333333333334,31.0,15,2.24,33.33,èµ«å¡å¿’æ¢é™©é˜Ÿ + Teractor (breakthrough)
Interplanetary Cinematics (breakthrough) + Splice (breakthrough),19,6,2.1052631578947367,84.63157894736842,40.0,19,2.2413793103448274,31.58,Interplanetary Cinematics (breakthrough) + Splice (breakthrough)
Manutech + Poseidon,10,5,2.0,120.1,20.0,10,2.25,50.0,Manutech + Poseidon
Millennium Falcon + Poseidon,10,5,2.0,102.7,20.0,10,2.25,50.0,åƒå¹´éš¼ + Poseidon
Manutech + Ringcom,10,5,2.0,114.6,20.0,10,2.25,50.0,Manutech + Ringcom
Bio-Sol + Splice (breakthrough),14,4,2.0714285714285716,85.35714285714286,29.0,14,2.25,28.57, + Splice (breakthrough)
Interplanetary Cinematics (breakthrough) + ğŸŒ¸StarlinkDrifterğŸŒ¸,10,5,2.0,94.1,20.0,10,2.25,50.0,Interplanetary Cinematics (breakthrough) + ğŸŒ¸æ˜Ÿé“¾æ¼‚æµè€…ğŸŒ¸
Point Luna + Prism,38,15,2.1842105263157894,135.6315789473684,83.0,38,2.25,39.47,Point Luna + æ£±é•œå…‰è°±ç ”ç©¶å®¤
ğŸŒ¸Weyland YutaniğŸŒ¸ + ğŸŒ¸åŒè½¨è·ƒè¿ğŸŒ¸,10,5,2.0,106.8,20.0,10,2.25,50.0,ğŸŒ¸éŸ¦å…°å¾·-å°¤å¦å°¼é›†å›¢ğŸŒ¸ + ğŸŒ¸åŒè½¨è·ƒè¿ğŸŒ¸
Terralabs Research (breakthrough) + é›©å–µç§‘å­¦æ¢æµ‹å™¨,14,5,2.0714285714285716,82.85714285714286,29.0,14,2.25,35.71,Terralabs Research (breakthrough) + é›©å–µç§‘å­¦æ¢æµ‹å™¨
Splice (breakthrough) + Viron (breakthrough),10,5,2.0,105.2,20.0,10,2.25,50.0,Splice (breakthrough) + Viron (breakthrough)
CrediCor + Labour Union,22,7,2.1363636363636362,39.45454545454545,47.0,22,2.25,31.82,CrediCor + Labour Union
Sagitta Frontier Services + Splice (breakthrough),10,4,2.0,92.6,20.0,10,2.25,40.0,Sagitta Frontier Services + Splice (breakthrough)
Prism + Runciter Associates,10,4,2.0,149.0,20.0,10,2.25,40.0,æ£±é•œå…‰è°±ç ”ç©¶å®¤ + æœ—è¥¿æ–¯è”åˆå…¬å¸
ğŸŒ¸Ark NovağŸŒ¸ + ğŸŒ¸Mining CorpğŸŒ¸,96,33,2.2291666666666665,87.34375,214.0,96,2.2547169811320753,34.38,ğŸŒ¸æ–¹èˆŸåŠ¨ç‰©å›­ğŸŒ¸ + ğŸŒ¸é’¢é“ç²¾ç‚¼ğŸŒ¸
Point Luna + Valley Trust (breakthrough),90,29,2.2333333333333334,99.0,201.0,90,2.26,32.22,Point Luna + Valley Trust (breakthrough)
ğŸŒ¸Scolex IndustriesğŸŒ¸ + ğŸŒ¸TyrellğŸŒ¸,13,6,2.076923076923077,88.61538461538461,27.0,13,2.260869565217391,46.15,ğŸŒ¸æ˜Ÿæ ¸å·¥ä¸šğŸŒ¸ + ğŸŒ¸æ³°ç‘å°”å…¬å¸ğŸŒ¸
Teractor (breakthrough) + ğŸŒ¸Green RingğŸŒ¸,13,3,2.076923076923077,98.38461538461539,27.0,13,2.260869565217391,23.08,Teractor (breakthrough) + ğŸŒ¸ç»¿ç¯ğŸŒ¸
Interplanetary Cinematics (breakthrough) + ğŸŒ¸SolarPlantğŸŒ¸,13,3,2.076923076923077,89.6923076923077,27.0,13,2.260869565217391,23.08,Interplanetary Cinematics (breakthrough) + ğŸŒ¸å¤ªé˜³èƒ½å…¬å¸ğŸŒ¸
Inventrix (breakthrough) + Splice (breakthrough),24,8,2.1666666666666665,85.58333333333333,52.0,24,2.264705882352941,33.33,Inventrix (breakthrough) + Splice (breakthrough)
Interplanetary Cinematics (breakthrough) + Valley Trust (breakthrough),35,11,2.2,93.25714285714285,77.0,35,2.2666666666666666,31.43,Interplanetary Cinematics (breakthrough) + Valley Trust (breakthrough)
Inventrix (breakthrough) + Point Luna,20,8,2.15,179.0,43.0,20,2.2666666666666666,40.0,Inventrix (breakthrough) + Point Luna
Teractor (breakthrough) + Valley Trust (breakthrough),61,19,2.2295081967213113,91.42622950819673,136.0,61,2.267605633802817,31.15,Teractor (breakthrough) + Valley Trust (breakthrough)
Ecoline (breakthrough) + ğŸŒ¸Buy N LargeğŸŒ¸,27,7,2.185185185185185,81.4074074074074,59.0,27,2.27027027027027,25.93,Ecoline (breakthrough) + ğŸŒ¸å¤§å·¨è´­ğŸŒ¸
Aristarchus + Teractor (breakthrough),12,4,2.0833333333333335,97.25,25.0,12,2.272727272727273,33.33,Aristarchus + Teractor (breakthrough)
Midas + ğŸŒ¸RDAğŸŒ¸,12,2,2.0833333333333335,73.5,25.0,12,2.272727272727273,16.67,Midas + ğŸŒ¸RDAğŸŒ¸
ğŸŒ¸Buy N LargeğŸŒ¸ + ğŸŒ¸ProtogenğŸŒ¸,12,4,2.0833333333333335,74.5,25.0,12,2.272727272727273,33.33,ğŸŒ¸å¤§å·¨è´­ğŸŒ¸ + ğŸŒ¸å¾®ç”Ÿç‰©çƒ­èˆğŸŒ¸
Spire + Splice (breakthrough),23,7,2.1739130434782608,86.73913043478261,50.0,23,2.272727272727273,30.43,Spire + Splice (breakthrough)
Splice (breakthrough) + é›©å–µç§‘å­¦æ¢æµ‹å™¨,12,4,2.0833333333333335,89.5,25.0,12,2.272727272727273,33.33,Splice (breakthrough) + é›©å–µç§‘å­¦æ¢æµ‹å™¨
Ringcom + Saturn Systems,77,23,2.2467532467532467,88.96103896103897,173.0,77,2.2758620689655173,29.87,Ringcom + Saturn Systems
Prism + Teractor (breakthrough),19,5,2.1578947368421053,94.89473684210526,41.0,19,2.2758620689655173,26.32,æ£±é•œå…‰è°±ç ”ç©¶å®¤ + Teractor (breakthrough)
Aphrodite (breakthrough) + Celestic (breakthrough),15,6,2.1333333333333333,86.93333333333334,32.0,15,2.28,40.0,Aphrodite (breakthrough) + Celestic (breakthrough)
Saturn Systems + StormCraft Incorporated (breakthrough),47,12,2.234042553191489,94.70212765957447,105.0,47,2.280701754385965,25.53,Saturn Systems + StormCraft Incorporated (breakthrough)
Eglogue + ğŸŒ¸RDAğŸŒ¸,22,7,2.1818181818181817,70.04545454545455,48.0,22,2.28125,31.82,Eglogue + ğŸŒ¸RDAğŸŒ¸
Pobolog (breakthrough) + Vitor,22,10,2.1818181818181817,122.45454545454545,48.0,22,2.28125,45.45,Pobolog (breakthrough) + Vitor
Point Luna + Vitor,61,23,2.2459016393442623,101.55737704918033,137.0,61,2.2816901408450705,37.7,Point Luna + Vitor
Manutech + Tharsis_republic (breakthrough),11,3,2.090909090909091,107.0909090909091,23.0,11,2.2857142857142856,27.27,Manutech + Tharsis_republic (breakthrough)
ğŸŒ¸Scolex IndustriesğŸŒ¸ + ğŸŒ¸Weyland YutaniğŸŒ¸,25,10,2.2,98.36,55.0,25,2.2857142857142856,40.0,ğŸŒ¸æ˜Ÿæ ¸å·¥ä¸šğŸŒ¸ + ğŸŒ¸éŸ¦å…°å¾·-å°¤å¦å°¼é›†å›¢ğŸŒ¸
Prism + ğŸŒ¸Shinra TechğŸŒ¸,11,5,2.090909090909091,117.36363636363636,23.0,11,2.2857142857142856,45.45,æ£±é•œå…‰è°±ç ”ç©¶å®¤ + ğŸŒ¸æ¨±èŠ±ç”µğŸŒ¸
Incite Ender + é›©å–µç§‘å­¦æ¢æµ‹å™¨,11,4,2.090909090909091,79.9090909090909,23.0,11,2.2857142857142856,36.36,Incite Ender + é›©å–µç§‘å­¦æ¢æµ‹å™¨
Ecoline (breakthrough) + Mining guild (breakthrough),11,4,2.090909090909091,98.0,23.0,11,2.2857142857142856,36.36,Ecoline (breakthrough) + Mining guild (breakthrough)
Ringcom + Splice (breakthrough),11,2,2.090909090909091,98.27272727272727,23.0,11,2.2857142857142856,18.18,Ringcom + Splice (breakthrough)
ğŸŒ¸MirrorCoatğŸŒ¸ + ğŸŒ¸Shinra TechğŸŒ¸,11,3,2.090909090909091,87.36363636363636,23.0,11,2.2857142857142856,27.27,ğŸŒ¸é•œåğŸŒ¸ + ğŸŒ¸æ¨±èŠ±ç”µğŸŒ¸
CrediCor + Void,25,6,2.2,46.6,55.0,25,2.2857142857142856,24.0,CrediCor + Void
Pobolog (breakthrough) + Splice (breakthrough),11,2,2.090909090909091,92.81818181818181,23.0,11,2.2857142857142856,18.18,Pobolog (breakthrough) + Splice (breakthrough)
EcoTec + Splice (breakthrough),49,12,2.2448979591836733,82.44897959183673,110.0,49,2.288135593220339,24.49,EcoTec + Splice (breakthrough)
Splice (breakthrough) + ğŸŒ¸EliteTechğŸŒ¸,14,6,2.142857142857143,76.07142857142857,30.0,14,2.2916666666666665,42.86,Splice (breakthrough) + ğŸŒ¸ç²¾è‹±å›é¦ˆğŸŒ¸
Pobolog (breakthrough) + Viron (breakthrough),14,3,2.142857142857143,91.71428571428571,30.0,14,2.2916666666666665,21.43,Pobolog (breakthrough) + Viron (breakthrough)
Inventrix (breakthrough) + Teractor (breakthrough),24,8,2.2083333333333335,90.91666666666667,53.0,24,2.2941176470588234,33.33,Inventrix (breakthrough) + Teractor (breakthrough)
Spire + Vitor,24,7,2.2083333333333335,101.75,53.0,24,2.2941176470588234,29.17,Spire + Vitor
Viron (breakthrough) + Vitor,17,6,2.176470588235294,103.6470588235294,37.0,17,2.2962962962962963,35.29,Viron (breakthrough) + Vitor
Celestic (breakthrough) + StormCraft Incorporated (breakthrough),64,17,2.265625,89.59375,145.0,64,2.2972972972972974,26.56,Celestic (breakthrough) + StormCraft Incorporated (breakthrough)
Prism + Ringcom,10,4,2.1,90.7,21.0,10,2.3,40.0,æ£±é•œå…‰è°±ç ”ç©¶å®¤ + Ringcom
CrediCor + Ecoline (breakthrough),10,3,2.1,75.9,21.0,10,2.3,30.0,CrediCor + Ecoline (breakthrough)
ğŸŒ¸Scolex IndustriesğŸŒ¸ + ğŸŒ¸Shinra TechğŸŒ¸,70,17,2.2714285714285714,84.9,159.0,70,2.3,24.29,ğŸŒ¸æ˜Ÿæ ¸å·¥ä¸šğŸŒ¸ + ğŸŒ¸æ¨±èŠ±ç”µğŸŒ¸
Celestic (breakthrough) + Incite Ender,10,4,2.1,82.2,21.0,10,2.3,40.0,Celestic (breakthrough) + Incite Ender
é›©å–µç§‘å­¦æ¢æµ‹å™¨ + ğŸŒ¸MirrorCoatğŸŒ¸,10,3,2.1,105.4,21.0,10,2.3,30.0,é›©å–µç§‘å­¦æ¢æµ‹å™¨ + ğŸŒ¸é•œåğŸŒ¸
Tycho Magnetics + Valley Trust (breakthrough),10,4,2.1,107.8,21.0,10,2.3,40.0,ç¬¬è°·ç£åŠ› + Valley Trust (breakthrough)
United Nations Mission One + ğŸŒ¸Green RingğŸŒ¸,10,4,2.1,106.8,21.0,10,2.3,40.0,United Nations Mission One + ğŸŒ¸ç»¿ç¯ğŸŒ¸
United Nations Mission One + ğŸŒ¸Shinra TechğŸŒ¸,10,3,2.1,88.0,21.0,10,2.3,30.0,United Nations Mission One + ğŸŒ¸æ¨±èŠ±ç”µğŸŒ¸
Vitor + ğŸŒ¸EliteTechğŸŒ¸,33,13,2.242424242424242,93.0909090909091,74.0,33,2.302325581395349,39.39,Vitor + ğŸŒ¸ç²¾è‹±å›é¦ˆğŸŒ¸
MorningStar Inc (breakthrough) + Teractor (breakthrough),23,7,2.217391304347826,99.8695652173913,51.0,23,2.303030303030303,30.43,MorningStar Inc (breakthrough) + Teractor (breakthrough)
Hecate Speditions + Valley Trust (breakthrough),13,5,2.1538461538461537,93.76923076923077,28.0,13,2.3043478260869565,38.46,èµ«å¡å¿’æ¢é™©é˜Ÿ + Valley Trust (breakthrough)
MorningStar Inc (breakthrough) + Poseidon,13,4,2.1538461538461537,94.3076923076923,28.0,13,2.3043478260869565,30.77,MorningStar Inc (breakthrough) + Poseidon
Soylent Seedling Systems + Void,16,3,2.1875,36.6875,35.0,16,2.3076923076923075,18.75,ç´¢ä¼¦ç‰¹å¹¼è‹—ç³»ç»Ÿ + Void
Mining guild (breakthrough) + Tharsis_republic (breakthrough),19,7,2.210526315789474,90.78947368421052,42.0,19,2.310344827586207,36.84,Mining guild (breakthrough) + Tharsis_republic (breakthrough)
Celestic (breakthrough) + ğŸŒ¸Weyland YutaniğŸŒ¸,19,5,2.210526315789474,82.52631578947368,42.0,19,2.310344827586207,26.32,Celestic (breakthrough) + ğŸŒ¸éŸ¦å…°å¾·-å°¤å¦å°¼é›†å›¢ğŸŒ¸
Aurorai + Soylent Seedling Systems,19,7,2.210526315789474,45.63157894736842,42.0,19,2.310344827586207,36.84,Aurorai + ç´¢ä¼¦ç‰¹å¹¼è‹—ç³»ç»Ÿ
Pobolog (breakthrough) + Poseidon,22,8,2.227272727272727,87.95454545454545,49.0,22,2.3125,36.36,Pobolog (breakthrough) + Poseidon
Arcadian Communities (breakthrough) + ğŸŒ¸RDAğŸŒ¸,22,7,2.227272727272727,79.0909090909091,49.0,22,2.3125,31.82,Arcadian Communities (breakthrough) + ğŸŒ¸RDAğŸŒ¸
ğŸŒ¸Mining CorpğŸŒ¸ + ğŸŒ¸Weyland YutaniğŸŒ¸,12,5,2.1666666666666665,101.75,26.0,12,2.3181818181818183,41.67,ğŸŒ¸é’¢é“ç²¾ç‚¼ğŸŒ¸ + ğŸŒ¸éŸ¦å…°å¾·-å°¤å¦å°¼é›†å›¢ğŸŒ¸
Ringcom + Spire,12,5,2.1666666666666665,106.16666666666667,26.0,12,2.3181818181818183,41.67,Ringcom + Spire
Celestic (breakthrough) + ğŸŒ¸Energy Saving EcologyğŸŒ¸,12,5,2.1666666666666665,73.5,26.0,12,2.3181818181818183,41.67,Celestic (breakthrough) + ğŸŒ¸èŠ‚èƒ½ç”Ÿæ€ğŸŒ¸
Luna Chain + Pobolog (breakthrough),12,4,2.1666666666666665,93.58333333333333,26.0,12,2.3181818181818183,33.33,è¿æœˆ + Pobolog (breakthrough)
ğŸŒ¸Ark NovağŸŒ¸ + ğŸŒ¸Integrated MicroorganismsğŸŒ¸,12,2,2.1666666666666665,94.91666666666667,26.0,12,2.3181818181818183,16.67,ğŸŒ¸æ–¹èˆŸåŠ¨ç‰©å›­ğŸŒ¸ + ğŸŒ¸å¾®ç”Ÿç‰©æ˜Ÿå°˜ğŸŒ¸
Luna Chain + Point Luna,40,14,2.275,91.05,91.0,40,2.32,35.0,è¿æœˆ + Point Luna
Viron (breakthrough) + ğŸŒ¸StarlinkDrifterğŸŒ¸,18,6,2.2222222222222223,105.94444444444444,40.0,18,2.3214285714285716,33.33,Viron (breakthrough) + ğŸŒ¸æ˜Ÿé“¾æ¼‚æµè€…ğŸŒ¸
Saturn Systems + Valley Trust (breakthrough),18,5,2.2222222222222223,95.0,40.0,18,2.3214285714285716,27.78,Saturn Systems + Valley Trust (breakthrough)
Interplanetary Cinematics (breakthrough) + Playwrights,77,27,2.2987012987012987,78.88311688311688,177.0,77,2.32183908045977,35.06,Interplanetary Cinematics (breakthrough) + Playwrights
Interplanetary Cinematics (breakthrough) + Point Luna,30,12,2.2666666666666666,102.2,68.0,30,2.325,40.0,Interplanetary Cinematics (breakthrough) + Point Luna
Point Luna + Spire,48,17,2.2916666666666665,89.72916666666667,110.0,48,2.3275862068965516,35.42,Point Luna + Spire
Arklight (breakthrough) + Splice (breakthrough),11,1,2.1818181818181817,88.0,24.0,11,2.3333333333333335,9.09,Arklight (breakthrough) + Splice (breakthrough)
Poseidon + Sagitta Frontier Services,11,4,2.1818181818181817,84.18181818181819,24.0,11,2.3333333333333335,36.36,Poseidon + Sagitta Frontier Services
Ringcom + é›©å–µç§‘å­¦æ¢æµ‹å™¨,14,6,2.2142857142857144,92.21428571428571,31.0,14,2.3333333333333335,42.86,Ringcom + é›©å–µç§‘å­¦æ¢æµ‹å™¨
Imperial Star Destroyer + Trade Navigator,17,6,2.235294117647059,114.3529411764706,38.0,17,2.3333333333333335,35.29,å¸å›½æ­¼æ˜Ÿèˆ° + è´¸æ˜“é¢†èˆªè€…
Spire + Teractor (breakthrough),20,5,2.25,83.55,45.0,20,2.3333333333333335,25.0,Spire + Teractor (breakthrough)
Splice (breakthrough) + ğŸŒ¸Shinra TechğŸŒ¸,11,1,2.1818181818181817,79.27272727272727,24.0,11,2.3333333333333335,9.09,Splice (breakthrough) + ğŸŒ¸æ¨±èŠ±ç”µğŸŒ¸
Lakefront Resorts + ğŸŒ¸RDAğŸŒ¸,20,4,2.25,65.95,45.0,20,2.3333333333333335,20.0,æ¹–ç•”åº¦å‡åŒº + ğŸŒ¸RDAğŸŒ¸
Luna Chain + ğŸŒ¸EliteTechğŸŒ¸,14,4,2.2142857142857144,76.28571428571429,31.0,14,2.3333333333333335,28.57,è¿æœˆ + ğŸŒ¸ç²¾è‹±å›é¦ˆğŸŒ¸
Pobolog (breakthrough) + ğŸŒ¸SolarPlantğŸŒ¸,11,4,2.1818181818181817,104.0,24.0,11,2.3333333333333335,36.36,Pobolog (breakthrough) + ğŸŒ¸å¤ªé˜³èƒ½å…¬å¸ğŸŒ¸
Point Luna + United Nations Mission One,14,4,2.2142857142857144,92.35714285714286,31.0,14,2.3333333333333335,28.57,Point Luna + United Nations Mission One
Interplanetary Cinematics (breakthrough) + Teractor (breakthrough),46,15,2.3043478260869565,90.1086956521739,106.0,46,2.3392857142857144,32.61,Interplanetary Cinematics (breakthrough) + Teractor (breakthrough)
Point Luna + Teractor (breakthrough),128,41,2.328125,96.609375,298.0,128,2.3405797101449277,32.03,Point Luna + Teractor (breakthrough)
Vitor + ğŸŒ¸Weyland YutaniğŸŒ¸,28,10,2.2857142857142856,86.0,64.0,28,2.3421052631578947,35.71,Vitor + ğŸŒ¸éŸ¦å…°å¾·-å°¤å¦å°¼é›†å›¢ğŸŒ¸
Poseidon + Vitor,25,8,2.28,85.16,57.0,25,2.342857142857143,32.0,Poseidon + Vitor
Celestic (breakthrough) + Inventrix (breakthrough),22,4,2.272727272727273,101.5,50.0,22,2.34375,18.18,Celestic (breakthrough) + Inventrix (breakthrough)
Ringcom + ğŸŒ¸Weyland YutaniğŸŒ¸,22,7,2.272727272727273,90.0909090909091,50.0,22,2.34375,31.82,Ringcom + ğŸŒ¸éŸ¦å…°å¾·-å°¤å¦å°¼é›†å›¢ğŸŒ¸
Vitor + ğŸŒ¸Scolex IndustriesğŸŒ¸,19,7,2.263157894736842,84.10526315789474,43.0,19,2.3448275862068964,36.84,Vitor + ğŸŒ¸æ˜Ÿæ ¸å·¥ä¸šğŸŒ¸
Factorum (breakthrough) + ğŸŒ¸Scolex IndustriesğŸŒ¸,19,5,2.263157894736842,102.6842105263158,43.0,19,2.3448275862068964,26.32,Factorum (breakthrough) + ğŸŒ¸æ˜Ÿæ ¸å·¥ä¸šğŸŒ¸
Interplanetary Cinematics (breakthrough) + ğŸŒ¸Shinra TechğŸŒ¸,16,6,2.25,88.3125,36.0,16,2.3461538461538463,37.5,Interplanetary Cinematics (breakthrough) + ğŸŒ¸æ¨±èŠ±ç”µğŸŒ¸
é›©å–µç§‘å­¦æ¢æµ‹å™¨ + ğŸŒ¸Green RingğŸŒ¸,16,7,2.25,99.5625,36.0,16,2.3461538461538463,43.75,é›©å–µç§‘å­¦æ¢æµ‹å™¨ + ğŸŒ¸ç»¿ç¯ğŸŒ¸
ğŸŒ¸EliteTechğŸŒ¸ + ğŸŒ¸Shinra TechğŸŒ¸,13,6,2.230769230769231,98.15384615384616,29.0,13,2.347826086956522,46.15,ğŸŒ¸ç²¾è‹±å›é¦ˆğŸŒ¸ + ğŸŒ¸æ¨±èŠ±ç”µğŸŒ¸
ğŸŒ¸MirrorCoatğŸŒ¸ + ğŸŒ¸StarlinkDrifterğŸŒ¸,13,3,2.230769230769231,105.6923076923077,29.0,13,2.347826086956522,23.08,ğŸŒ¸é•œåğŸŒ¸ + ğŸŒ¸æ˜Ÿé“¾æ¼‚æµè€…ğŸŒ¸
ğŸŒ¸ProwlerğŸŒ¸ + ğŸŒ¸RDAğŸŒ¸,36,10,2.3055555555555554,75.5,83.0,36,2.347826086956522,27.78,ğŸŒ¸å¾˜å¾Šè€…ğŸŒ¸ + ğŸŒ¸RDAğŸŒ¸
Ringcom + ğŸŒ¸PoliticalReformğŸŒ¸,10,3,2.2,83.6,22.0,10,2.35,30.0,Ringcom + ğŸŒ¸åˆ¶åº¦æ”¹é©ğŸŒ¸
Eglogue + Splice (breakthrough),10,2,2.2,79.8,22.0,10,2.35,20.0,Eglogue + Splice (breakthrough)
Arcadian Communities (breakthrough) + Sagitta Frontier Services,10,3,2.2,90.1,22.0,10,2.35,30.0,Arcadian Communities (breakthrough) + Sagitta Frontier Services
Aurorai + Labour Union,27,11,2.2962962962962963,44.0,62.0,27,2.3513513513513513,40.74,Aurorai + Labour Union
Pobolog (breakthrough) + StormCraft Incorporated (breakthrough),24,9,2.2916666666666665,96.79166666666667,55.0,24,2.3529411764705883,37.5,Pobolog (breakthrough) + StormCraft Incorporated (breakthrough)
ğŸŒ¸Buy N LargeğŸŒ¸ + ğŸŒ¸ProwlerğŸŒ¸,41,11,2.317073170731707,84.21951219512195,95.0,41,2.3529411764705883,26.83,ğŸŒ¸å¤§å·¨è´­ğŸŒ¸ + ğŸŒ¸å¾˜å¾Šè€…ğŸŒ¸
ğŸŒ¸Mining CorpğŸŒ¸ + ğŸŒ¸MirrorCoatğŸŒ¸,21,6,2.2857142857142856,88.57142857142857,48.0,21,2.3548387096774195,28.57,ğŸŒ¸é’¢é“ç²¾ç‚¼ğŸŒ¸ + ğŸŒ¸é•œåğŸŒ¸
Factorum (breakthrough) + ğŸŒ¸Shinra TechğŸŒ¸,35,11,2.3142857142857145,100.11428571428571,81.0,35,2.3555555555555556,31.43,Factorum (breakthrough) + ğŸŒ¸æ¨±èŠ±ç”µğŸŒ¸
Aurorai + PolderTECH Dutch,18,7,2.2777777777777777,35.55555555555556,41.0,18,2.357142857142857,38.89,Aurorai + è·å…°åœ©ç”°ç§‘æŠ€
Labour Union + Void,15,5,2.2666666666666666,39.86666666666667,34.0,15,2.36,33.33,Labour Union + Void
ğŸŒ¸EliteTechğŸŒ¸ + ğŸŒ¸Integrated MicroorganismsğŸŒ¸,15,6,2.2666666666666666,84.93333333333334,34.0,15,2.36,40.0,ğŸŒ¸ç²¾è‹±å›é¦ˆğŸŒ¸ + ğŸŒ¸å¾®ç”Ÿç‰©æ˜Ÿå°˜ğŸŒ¸
Junk Ventures + Viron (breakthrough),12,4,2.25,81.66666666666667,27.0,12,2.3636363636363638,33.33,Junk Ventures + Viron (breakthrough)
Ambient + Valley Trust (breakthrough),12,4,2.25,85.16666666666667,27.0,12,2.3636363636363638,33.33, + Valley Trust (breakthrough)
Celestic (breakthrough) + ğŸŒ¸Integrated MicroorganismsğŸŒ¸,20,5,2.3,83.8,46.0,20,2.3666666666666667,25.0,Celestic (breakthrough) + ğŸŒ¸å¾®ç”Ÿç‰©æ˜Ÿå°˜ğŸŒ¸
Point Luna + ğŸŒ¸Green RingğŸŒ¸,36,14,2.3333333333333335,91.61111111111111,84.0,36,2.369565217391304,38.89,Point Luna + ğŸŒ¸ç»¿ç¯ğŸŒ¸
EcoTec + Ecoline (breakthrough),44,8,2.340909090909091,81.4090909090909,103.0,44,2.3703703703703702,18.18,EcoTec + Ecoline (breakthrough)
Midas + PolderTECH Dutch,17,9,2.2941176470588234,35.470588235294116,39.0,17,2.3703703703703702,52.94,Midas + è·å…°åœ©ç”°ç§‘æŠ€
Manutech + Viron (breakthrough),14,4,2.2857142857142856,97.0,32.0,14,2.375,28.57,Manutech + Viron (breakthrough)
Poseidon + ğŸŒ¸Shinra TechğŸŒ¸,22,7,2.3181818181818183,83.18181818181819,51.0,22,2.375,31.82,Poseidon + ğŸŒ¸æ¨±èŠ±ç”µğŸŒ¸
Ambient + ğŸŒ¸SolarPlantğŸŒ¸,14,4,2.2857142857142856,87.78571428571429,32.0,14,2.375,28.57, + ğŸŒ¸å¤ªé˜³èƒ½å…¬å¸ğŸŒ¸
Manutech + ğŸŒ¸Shinra TechğŸŒ¸,30,10,2.3333333333333335,93.63333333333334,70.0,30,2.375,33.33,Manutech + ğŸŒ¸æ¨±èŠ±ç”µğŸŒ¸
Pobolog (breakthrough) + ğŸŒ¸TyrellğŸŒ¸,14,6,2.2857142857142856,100.57142857142857,32.0,14,2.375,42.86,Pobolog (breakthrough) + ğŸŒ¸æ³°ç‘å°”å…¬å¸ğŸŒ¸
Splice (breakthrough) + ğŸŒ¸Weyland YutaniğŸŒ¸,22,7,2.3181818181818183,85.18181818181819,51.0,22,2.375,31.82,Splice (breakthrough) + ğŸŒ¸éŸ¦å…°å¾·-å°¤å¦å°¼é›†å›¢ğŸŒ¸
StormCraft Incorporated (breakthrough) + Teractor (breakthrough),14,6,2.2857142857142856,89.92857142857143,32.0,14,2.375,42.86,StormCraft Incorporated (breakthrough) + Teractor (breakthrough)
Sagitta Frontier Services + ğŸŒ¸EliteTechğŸŒ¸,35,9,2.342857142857143,83.25714285714285,82.0,35,2.3777777777777778,25.71,Sagitta Frontier Services + ğŸŒ¸ç²¾è‹±å›é¦ˆğŸŒ¸
ğŸŒ¸Mining CorpğŸŒ¸ + ğŸŒ¸Shinra TechğŸŒ¸,27,8,2.3333333333333335,81.74074074074075,63.0,27,2.3783783783783785,29.63,ğŸŒ¸é’¢é“ç²¾ç‚¼ğŸŒ¸ + ğŸŒ¸æ¨±èŠ±ç”µğŸŒ¸
Pobolog (breakthrough) + é›©å–µç§‘å­¦æ¢æµ‹å™¨,19,5,2.3157894736842106,82.6842105263158,44.0,19,2.3793103448275863,26.32,Pobolog (breakthrough) + é›©å–µç§‘å­¦æ¢æµ‹å™¨
MorningStar Inc (breakthrough) + Tycho Magnetics,11,4,2.272727272727273,111.45454545454545,25.0,11,2.380952380952381,36.36,MorningStar Inc (breakthrough) + ç¬¬è°·ç£åŠ›
Viron (breakthrough) + é›©å–µç§‘å­¦æ¢æµ‹å™¨,11,3,2.272727272727273,86.9090909090909,25.0,11,2.380952380952381,27.27,Viron (breakthrough) + é›©å–µç§‘å­¦æ¢æµ‹å™¨
Poseidon + Viron (breakthrough),11,2,2.272727272727273,92.63636363636364,25.0,11,2.380952380952381,18.18,Poseidon + Viron (breakthrough)
Splice (breakthrough) + ğŸŒ¸TyrellğŸŒ¸,11,2,2.272727272727273,77.36363636363636,25.0,11,2.380952380952381,18.18,Splice (breakthrough) + ğŸŒ¸æ³°ç‘å°”å…¬å¸ğŸŒ¸
Inventrix (breakthrough) + Saturn Systems,11,3,2.272727272727273,103.18181818181819,25.0,11,2.380952380952381,27.27,Inventrix (breakthrough) + Saturn Systems
Teractor (breakthrough) + Terralabs Research (breakthrough),24,7,2.3333333333333335,83.83333333333333,56.0,24,2.3823529411764706,29.17,Teractor (breakthrough) + Terralabs Research (breakthrough)
Factorum (breakthrough) + Tycho Magnetics,16,3,2.3125,97.3125,37.0,16,2.3846153846153846,18.75,Factorum (breakthrough) + ç¬¬è°·ç£åŠ›
Interplanetary Cinematics (breakthrough) + Polaris,16,4,2.3125,68.125,37.0,16,2.3846153846153846,25.0,Interplanetary Cinematics (breakthrough) + åŒ—ææ˜Ÿ
ğŸŒ¸Integrated MicroorganismsğŸŒ¸ + ğŸŒ¸Scolex IndustriesğŸŒ¸,16,4,2.3125,93.75,37.0,16,2.3846153846153846,25.0,ğŸŒ¸å¾®ç”Ÿç‰©æ˜Ÿå°˜ğŸŒ¸ + ğŸŒ¸æ˜Ÿæ ¸å·¥ä¸šğŸŒ¸
Pobolog (breakthrough) + Valley Trust (breakthrough),31,9,2.3548387096774195,83.54838709677419,73.0,31,2.3902439024390243,29.03,Pobolog (breakthrough) + Valley Trust (breakthrough)
Pobolog (breakthrough) + Void,13,4,2.3076923076923075,88.3076923076923,30.0,13,2.391304347826087,30.77,Pobolog (breakthrough) + Void
Prism + é›©å–µç§‘å­¦æ¢æµ‹å™¨,13,4,2.3076923076923075,97.0,30.0,13,2.391304347826087,30.77,æ£±é•œå…‰è°±ç ”ç©¶å®¤ + é›©å–µç§‘å­¦æ¢æµ‹å™¨
Cheung Shing MARS + Factorum (breakthrough),13,3,2.3076923076923075,96.23076923076923,30.0,13,2.391304347826087,23.08,Cheung Shing MARS + Factorum (breakthrough)
ğŸŒ¸EliteTechğŸŒ¸ + ğŸŒ¸Scolex IndustriesğŸŒ¸,13,3,2.3076923076923075,83.6923076923077,30.0,13,2.391304347826087,23.08,ğŸŒ¸ç²¾è‹±å›é¦ˆğŸŒ¸ + ğŸŒ¸æ˜Ÿæ ¸å·¥ä¸šğŸŒ¸
ğŸŒ¸StarlinkDrifterğŸŒ¸ + ğŸŒ¸TyrellğŸŒ¸,13,4,2.3076923076923075,99.15384615384616,30.0,13,2.391304347826087,30.77,ğŸŒ¸æ˜Ÿé“¾æ¼‚æµè€…ğŸŒ¸ + ğŸŒ¸æ³°ç‘å°”å…¬å¸ğŸŒ¸
Point Luna + Saturn Systems,18,3,2.3333333333333335,88.72222222222223,42.0,18,2.392857142857143,16.67,Point Luna + Saturn Systems
Interplanetary Cinematics (breakthrough) + Lakefront Resorts,18,6,2.3333333333333335,77.05555555555556,42.0,18,2.392857142857143,33.33,Interplanetary Cinematics (breakthrough) + æ¹–ç•”åº¦å‡åŒº
Ringcom + ğŸŒ¸Mining CorpğŸŒ¸,10,3,2.3,89.6,23.0,10,2.4,30.0,Ringcom + ğŸŒ¸é’¢é“ç²¾ç‚¼ğŸŒ¸
Interplanetary Cinematics (breakthrough) + Terralabs Research (breakthrough),10,4,2.3,87.2,23.0,10,2.4,40.0,Interplanetary Cinematics (breakthrough) + Terralabs Research (breakthrough)
Vitor + é›©å–µç§‘å­¦æ¢æµ‹å™¨,35,10,2.3714285714285714,84.91428571428571,83.0,35,2.4,28.57,Vitor + é›©å–µç§‘å­¦æ¢æµ‹å™¨
Celestic (breakthrough) + é›©å–µç§‘å­¦æ¢æµ‹å™¨,15,4,2.3333333333333335,80.33333333333333,35.0,15,2.4,26.67,Celestic (breakthrough) + é›©å–µç§‘å­¦æ¢æµ‹å™¨
Vitor + ğŸŒ¸StarlinkDrifterğŸŒ¸,20,5,2.35,85.35,47.0,20,2.4,25.0,Vitor + ğŸŒ¸æ˜Ÿé“¾æ¼‚æµè€…ğŸŒ¸
Teractor (breakthrough) + Tycho Magnetics,10,1,2.3,168.4,23.0,10,2.4,10.0,Teractor (breakthrough) + ç¬¬è°·ç£åŠ›
Saturn Systems + Teractor (breakthrough),15,4,2.3333333333333335,120.8,35.0,15,2.4,26.67,Saturn Systems + Teractor (breakthrough)
CrediCor + Pobolog (breakthrough),25,7,2.36,77.12,59.0,25,2.4,28.0,CrediCor + Pobolog (breakthrough)
Eglogue + Viron (breakthrough),10,3,2.3,73.4,23.0,10,2.4,30.0,Eglogue + Viron (breakthrough)
ğŸŒ¸Green RingğŸŒ¸ + ğŸŒ¸Scolex IndustriesğŸŒ¸,10,4,2.3,44.5,23.0,10,2.4,40.0,ğŸŒ¸ç»¿ç¯ğŸŒ¸ + ğŸŒ¸æ˜Ÿæ ¸å·¥ä¸šğŸŒ¸
Splice (breakthrough) + ğŸŒ¸Scolex IndustriesğŸŒ¸,10,4,2.3,81.7,23.0,10,2.4,40.0,Splice (breakthrough) + ğŸŒ¸æ˜Ÿæ ¸å·¥ä¸šğŸŒ¸
ğŸŒ¸Green RingğŸŒ¸ + ğŸŒ¸Weyland YutaniğŸŒ¸,15,4,2.3333333333333335,98.93333333333334,35.0,15,2.4,26.67,ğŸŒ¸ç»¿ç¯ğŸŒ¸ + ğŸŒ¸éŸ¦å…°å¾·-å°¤å¦å°¼é›†å›¢ğŸŒ¸
Interplanetary Cinematics (breakthrough) + ğŸŒ¸Weyland YutaniğŸŒ¸,35,8,2.3714285714285714,85.74285714285715,83.0,35,2.4,22.86,Interplanetary Cinematics (breakthrough) + ğŸŒ¸éŸ¦å…°å¾·-å°¤å¦å°¼é›†å›¢ğŸŒ¸
Manutech + ğŸŒ¸Weyland YutaniğŸŒ¸,10,3,2.3,118.5,23.0,10,2.4,30.0,Manutech + ğŸŒ¸éŸ¦å…°å¾·-å°¤å¦å°¼é›†å›¢ğŸŒ¸
Lakefront Resorts + Polaris,92,20,2.391304347826087,76.19565217391305,220.0,92,2.4019607843137254,21.74,æ¹–ç•”åº¦å‡åŒº + åŒ—ææ˜Ÿ
Valley Trust (breakthrough) + ğŸŒ¸Shinra TechğŸŒ¸,22,6,2.3636363636363638,92.22727272727273,52.0,22,2.40625,27.27,Valley Trust (breakthrough) + ğŸŒ¸æ¨±èŠ±ç”µğŸŒ¸
Interplanetary Cinematics (breakthrough) + Inventrix (breakthrough),17,6,2.3529411764705883,95.88235294117646,40.0,17,2.4074074074074074,35.29,Interplanetary Cinematics (breakthrough) + Inventrix (breakthrough)
Valley Trust (breakthrough) + ğŸŒ¸StarlinkDrifterğŸŒ¸,17,5,2.3529411764705883,110.70588235294117,40.0,17,2.4074074074074074,29.41,Valley Trust (breakthrough) + ğŸŒ¸æ˜Ÿé“¾æ¼‚æµè€…ğŸŒ¸
Polaris + ğŸŒ¸Energy Saving EcologyğŸŒ¸,17,5,2.3529411764705883,67.94117647058823,40.0,17,2.4074074074074074,29.41,åŒ—ææ˜Ÿ + ğŸŒ¸èŠ‚èƒ½ç”Ÿæ€ğŸŒ¸
Manutech + MorningStar Inc (breakthrough),12,3,2.3333333333333335,88.0,28.0,12,2.409090909090909,25.0,Manutech + MorningStar Inc (breakthrough)
Thorgate (breakthrough) + ğŸŒ¸Shinra TechğŸŒ¸,12,4,2.3333333333333335,92.83333333333333,28.0,12,2.409090909090909,33.33,Thorgate (breakthrough) + ğŸŒ¸æ¨±èŠ±ç”µğŸŒ¸
Arklight (breakthrough) + EcoTec,24,7,2.375,81.91666666666667,57.0,24,2.411764705882353,29.17,Arklight (breakthrough) + EcoTec
Celestic (breakthrough) + Viron (breakthrough),31,8,2.3870967741935485,93.87096774193549,74.0,31,2.4146341463414633,25.81,Celestic (breakthrough) + Viron (breakthrough)
Soylent Seedling Systems + ğŸŒ¸ProwlerğŸŒ¸,14,4,2.357142857142857,77.0,33.0,14,2.4166666666666665,28.57,ç´¢ä¼¦ç‰¹å¹¼è‹—ç³»ç»Ÿ + ğŸŒ¸å¾˜å¾Šè€…ğŸŒ¸
Splice (breakthrough) + Teractor (breakthrough),21,5,2.380952380952381,84.66666666666667,50.0,21,2.4193548387096775,23.81,Splice (breakthrough) + Teractor (breakthrough)
é›©å–µç§‘å­¦æ¢æµ‹å™¨ + ğŸŒ¸Energy Saving EcologyğŸŒ¸,21,3,2.380952380952381,75.95238095238095,50.0,21,2.4193548387096775,14.29,é›©å–µç§‘å­¦æ¢æµ‹å™¨ + ğŸŒ¸èŠ‚èƒ½ç”Ÿæ€ğŸŒ¸
é›©å–µç§‘å­¦æ¢æµ‹å™¨ + ğŸŒ¸Integrated MicroorganismsğŸŒ¸,21,6,2.380952380952381,92.33333333333333,50.0,21,2.4193548387096775,28.57,é›©å–µç§‘å­¦æ¢æµ‹å™¨ + ğŸŒ¸å¾®ç”Ÿç‰©æ˜Ÿå°˜ğŸŒ¸
Ringcom + Teractor (breakthrough),35,9,2.4,94.74285714285715,84.0,35,2.422222222222222,25.71,Ringcom + Teractor (breakthrough)
Poseidon + ğŸŒ¸SolarPlantğŸŒ¸,16,3,2.375,75.875,38.0,16,2.423076923076923,18.75,Poseidon + ğŸŒ¸å¤ªé˜³èƒ½å…¬å¸ğŸŒ¸
Celestic (breakthrough) + ğŸŒ¸EliteTechğŸŒ¸,23,8,2.391304347826087,85.30434782608695,55.0,23,2.4242424242424243,34.78,Celestic (breakthrough) + ğŸŒ¸ç²¾è‹±å›é¦ˆğŸŒ¸
Spire + Viron (breakthrough),18,4,2.388888888888889,89.16666666666667,43.0,18,2.4285714285714284,22.22,Spire + Viron (breakthrough)
Thorgate (breakthrough) + Valley Trust (breakthrough),11,4,2.3636363636363638,109.72727272727273,26.0,11,2.4285714285714284,36.36,Thorgate (breakthrough) + Valley Trust (breakthrough)
Poseidon + ğŸŒ¸EliteTechğŸŒ¸,18,5,2.388888888888889,81.55555555555556,43.0,18,2.4285714285714284,27.78,Poseidon + ğŸŒ¸ç²¾è‹±å›é¦ˆğŸŒ¸
Pobolog (breakthrough) + ğŸŒ¸Mining CorpğŸŒ¸,11,2,2.3636363636363638,89.81818181818181,26.0,11,2.4285714285714284,18.18,Pobolog (breakthrough) + ğŸŒ¸é’¢é“ç²¾ç‚¼ğŸŒ¸
é›©å–µç§‘å­¦æ¢æµ‹å™¨ + ğŸŒ¸SolarPlantğŸŒ¸,11,1,2.3636363636363638,84.27272727272727,26.0,11,2.4285714285714284,9.09,é›©å–µç§‘å­¦æ¢æµ‹å™¨ + ğŸŒ¸å¤ªé˜³èƒ½å…¬å¸ğŸŒ¸
Point Luna + Splice (breakthrough),18,5,2.388888888888889,88.38888888888889,43.0,18,2.4285714285714284,27.78,Point Luna + Splice (breakthrough)
Arklight (breakthrough) + Ecoline (breakthrough),20,4,2.4,84.65,48.0,20,2.433333333333333,20.0,Arklight (breakthrough) + Ecoline (breakthrough)
Pobolog (breakthrough) + ğŸŒ¸EliteTechğŸŒ¸,20,6,2.4,81.25,48.0,20,2.433333333333333,30.0,Pobolog (breakthrough) + ğŸŒ¸ç²¾è‹±å›é¦ˆğŸŒ¸
Midas + é›©å–µç§‘å­¦æ¢æµ‹å™¨,13,2,2.3846153846153846,66.6923076923077,31.0,13,2.4347826086956523,15.38,Midas + é›©å–µç§‘å­¦æ¢æµ‹å™¨
Manutech + Mining guild (breakthrough),13,3,2.3846153846153846,87.3076923076923,31.0,13,2.4347826086956523,23.08,Manutech + Mining guild (breakthrough)
Polaris + ğŸŒ¸ProwlerğŸŒ¸,22,6,2.409090909090909,76.0,53.0,22,2.4375,27.27,åŒ—ææ˜Ÿ + ğŸŒ¸å¾˜å¾Šè€…ğŸŒ¸
Ringcom + Viron (breakthrough),15,4,2.4,85.8,36.0,15,2.44,26.67,Ringcom + Viron (breakthrough)
Valley Trust (breakthrough) + ğŸŒ¸EliteTechğŸŒ¸,49,12,2.4285714285714284,83.61224489795919,119.0,49,2.440677966101695,24.49,Valley Trust (breakthrough) + ğŸŒ¸ç²¾è‹±å›é¦ˆğŸŒ¸
StormCraft Incorporated (breakthrough) + Vitor,17,2,2.411764705882353,97.88235294117646,41.0,17,2.4444444444444446,11.76,StormCraft Incorporated (breakthrough) + Vitor
Chaos + Prism,17,6,2.411764705882353,92.88235294117646,41.0,17,2.4444444444444446,35.29,Chaos + æ£±é•œå…‰è°±ç ”ç©¶å®¤
Ringcom + ğŸŒ¸Scolex IndustriesğŸŒ¸,17,6,2.411764705882353,102.82352941176471,41.0,17,2.4444444444444446,35.29,Ringcom + ğŸŒ¸æ˜Ÿæ ¸å·¥ä¸šğŸŒ¸
Pobolog (breakthrough) + Saturn Systems,28,7,2.4285714285714284,95.71428571428571,68.0,28,2.4473684210526314,25.0,Pobolog (breakthrough) + Saturn Systems
Tharsis_republic (breakthrough) + ğŸŒ¸Ark NovağŸŒ¸,10,2,2.4,87.9,24.0,10,2.45,20.0,Tharsis_republic (breakthrough) + ğŸŒ¸æ–¹èˆŸåŠ¨ç‰©å›­ğŸŒ¸
Manutech + ğŸŒ¸Mining CorpğŸŒ¸,30,9,2.433333333333333,102.8,73.0,30,2.45,30.0,Manutech + ğŸŒ¸é’¢é“ç²¾ç‚¼ğŸŒ¸
MorningStar Inc (breakthrough) + ğŸŒ¸EliteTechğŸŒ¸,10,3,2.4,103.0,24.0,10,2.45,30.0,MorningStar Inc (breakthrough) + ğŸŒ¸ç²¾è‹±å›é¦ˆğŸŒ¸
Ringcom + ğŸŒ¸TyrellğŸŒ¸,10,2,2.4,84.3,24.0,10,2.45,20.0,Ringcom + ğŸŒ¸æ³°ç‘å°”å…¬å¸ğŸŒ¸
Manutech + ğŸŒ¸TyrellğŸŒ¸,10,2,2.4,100.6,24.0,10,2.45,20.0,Manutech + ğŸŒ¸æ³°ç‘å°”å…¬å¸ğŸŒ¸
Inventrix (breakthrough) + Poseidon,10,2,2.4,83.6,24.0,10,2.45,20.0,Inventrix (breakthrough) + Poseidon
Viron (breakthrough) + ğŸŒ¸TyrellğŸŒ¸,23,6,2.4347826086956523,81.69565217391305,56.0,23,2.4545454545454546,26.09,Viron (breakthrough) + ğŸŒ¸æ³°ç‘å°”å…¬å¸ğŸŒ¸
Viron (breakthrough) + ğŸŒ¸Weyland YutaniğŸŒ¸,23,6,2.4347826086956523,92.34782608695652,56.0,23,2.4545454545454546,26.09,Viron (breakthrough) + ğŸŒ¸éŸ¦å…°å¾·-å°¤å¦å°¼é›†å›¢ğŸŒ¸
Manutech + ğŸŒ¸Green RingğŸŒ¸,12,3,2.4166666666666665,83.5,29.0,12,2.4545454545454546,25.0,Manutech + ğŸŒ¸ç»¿ç¯ğŸŒ¸
Spire + ğŸŒ¸Shinra TechğŸŒ¸,12,3,2.4166666666666665,86.83333333333333,29.0,12,2.4545454545454546,25.0,Spire + ğŸŒ¸æ¨±èŠ±ç”µğŸŒ¸
Polaris + UNMI (breakthrough),12,2,2.4166666666666665,79.25,29.0,12,2.4545454545454546,16.67,åŒ—ææ˜Ÿ + UNMI (breakthrough)
CrediCor + Ringcom,23,5,2.4347826086956523,81.69565217391305,56.0,23,2.4545454545454546,21.74,CrediCor + Ringcom
Incite Ender + Teractor (breakthrough),12,3,2.4166666666666665,70.41666666666667,29.0,12,2.4545454545454546,25.0,Incite Ender + Teractor (breakthrough)
Helion (breakthrough) + ğŸŒ¸SolarPlantğŸŒ¸,34,7,2.4411764705882355,80.94117647058823,83.0,34,2.4545454545454546,20.59,Helion (breakthrough) + ğŸŒ¸å¤ªé˜³èƒ½å…¬å¸ğŸŒ¸
CrediCor + Lakefront Resorts,12,1,2.4166666666666665,73.25,29.0,12,2.4545454545454546,8.33,CrediCor + æ¹–ç•”åº¦å‡åŒº
Helion (breakthrough) + ğŸŒ¸Energy Saving EcologyğŸŒ¸,23,4,2.4347826086956523,65.65217391304348,56.0,23,2.4545454545454546,17.39,Helion (breakthrough) + ğŸŒ¸èŠ‚èƒ½ç”Ÿæ€ğŸŒ¸
Labour Union + United Nations Mission One,23,3,2.4347826086956523,44.608695652173914,56.0,23,2.4545454545454546,13.04,Labour Union + United Nations Mission One
Teractor (breakthrough) + ğŸŒ¸EliteTechğŸŒ¸,25,4,2.44,76.52,61.0,25,2.4571428571428573,16.0,Teractor (breakthrough) + ğŸŒ¸ç²¾è‹±å›é¦ˆğŸŒ¸
Valley Trust (breakthrough) + ğŸŒ¸Green RingğŸŒ¸,14,4,2.4285714285714284,98.64285714285714,34.0,14,2.4583333333333335,28.57,Valley Trust (breakthrough) + ğŸŒ¸ç»¿ç¯ğŸŒ¸
ğŸŒ¸Buy N LargeğŸŒ¸ + ğŸŒ¸Green Leaf DanceğŸŒ¸,14,3,2.4285714285714284,78.14285714285714,34.0,14,2.4583333333333335,21.43,ğŸŒ¸å¤§å·¨è´­ğŸŒ¸ + ğŸŒ¸ç»¿å¶èˆåŠ¨ğŸŒ¸
Interplanetary Cinematics (breakthrough) + Martian Insurance Group,14,2,2.4285714285714284,80.71428571428571,34.0,14,2.4583333333333335,14.29,Interplanetary Cinematics (breakthrough) + ç«æ˜Ÿä¿é™©é›†å›¢
ğŸŒ¸Scolex IndustriesğŸŒ¸ + ğŸŒ¸SolarPlantğŸŒ¸,16,6,2.4375,91.0625,39.0,16,2.4615384615384617,37.5,ğŸŒ¸æ˜Ÿæ ¸å·¥ä¸šğŸŒ¸ + ğŸŒ¸å¤ªé˜³èƒ½å…¬å¸ğŸŒ¸
Valley Trust (breakthrough) + ğŸŒ¸TyrellğŸŒ¸,29,9,2.4482758620689653,98.13793103448276,71.0,29,2.4615384615384617,31.03,Valley Trust (breakthrough) + ğŸŒ¸æ³°ç‘å°”å…¬å¸ğŸŒ¸
é›©å–µç§‘å­¦æ¢æµ‹å™¨ + ğŸŒ¸Weyland YutaniğŸŒ¸,39,8,2.4615384615384617,81.48717948717949,96.0,39,2.4693877551020407,20.51,é›©å–µç§‘å­¦æ¢æµ‹å™¨ + ğŸŒ¸éŸ¦å…°å¾·-å°¤å¦å°¼é›†å›¢ğŸŒ¸
Collegium Copernicus + Valley Trust (breakthrough),28,7,2.4642857142857144,90.25,69.0,28,2.473684210526316,25.0,å“¥ç™½å°¼å­¦é™¢ + Valley Trust (breakthrough)
Valley Trust (breakthrough) + ğŸŒ¸Integrated MicroorganismsğŸŒ¸,28,10,2.4642857142857144,92.14285714285714,69.0,28,2.473684210526316,35.71,Valley Trust (breakthrough) + ğŸŒ¸å¾®ç”Ÿç‰©æ˜Ÿå°˜ğŸŒ¸
Pobolog (breakthrough) + ğŸŒ¸Integrated MicroorganismsğŸŒ¸,11,3,2.4545454545454546,90.54545454545455,27.0,11,2.4761904761904763,27.27,Pobolog (breakthrough) + ğŸŒ¸å¾®ç”Ÿç‰©æ˜Ÿå°˜ğŸŒ¸
Incite Ender + Septem Tribus,13,4,2.4615384615384617,90.76923076923077,32.0,13,2.4782608695652173,30.77,Incite Ender + Septem Tribus
ğŸŒ¸Mining CorpğŸŒ¸ + ğŸŒ¸RDAğŸŒ¸,13,2,2.4615384615384617,76.61538461538461,32.0,13,2.4782608695652173,15.38,ğŸŒ¸é’¢é“ç²¾ç‚¼ğŸŒ¸ + ğŸŒ¸RDAğŸŒ¸
ğŸŒ¸Ark NovağŸŒ¸ + ğŸŒ¸Shinra TechğŸŒ¸,13,3,2.4615384615384617,88.6923076923077,32.0,13,2.4782608695652173,23.08,ğŸŒ¸æ–¹èˆŸåŠ¨ç‰©å›­ğŸŒ¸ + ğŸŒ¸æ¨±èŠ±ç”µğŸŒ¸
Pristar (breakthrough) + Terralabs Research (breakthrough),13,4,2.4615384615384617,110.15384615384616,32.0,13,2.4782608695652173,30.77,Pristar (breakthrough) + Terralabs Research (breakthrough)
ğŸŒ¸Ark NovağŸŒ¸ + ğŸŒ¸EliteTechğŸŒ¸,15,2,2.466666666666667,95.46666666666667,37.0,15,2.48,13.33,ğŸŒ¸æ–¹èˆŸåŠ¨ç‰©å›­ğŸŒ¸ + ğŸŒ¸ç²¾è‹±å›é¦ˆğŸŒ¸
Viron (breakthrough) + ğŸŒ¸Scolex IndustriesğŸŒ¸,15,3,2.466666666666667,78.86666666666666,37.0,15,2.48,20.0,Viron (breakthrough) + ğŸŒ¸æ˜Ÿæ ¸å·¥ä¸šğŸŒ¸
Interplanetary Cinematics (breakthrough) + ğŸŒ¸Mining CorpğŸŒ¸,15,4,2.466666666666667,82.33333333333333,37.0,15,2.48,26.67,Interplanetary Cinematics (breakthrough) + ğŸŒ¸é’¢é“ç²¾ç‚¼ğŸŒ¸
Celestic (breakthrough) + ğŸŒ¸TyrellğŸŒ¸,17,2,2.4705882352941178,79.3529411764706,42.0,17,2.4814814814814814,11.76,Celestic (breakthrough) + ğŸŒ¸æ³°ç‘å°”å…¬å¸ğŸŒ¸
Celestic (breakthrough) + Prism,17,2,2.4705882352941178,81.82352941176471,42.0,17,2.4814814814814814,11.76,Celestic (breakthrough) + æ£±é•œå…‰è°±ç ”ç©¶å®¤
Vitor + ğŸŒ¸Shinra TechğŸŒ¸,17,6,2.4705882352941178,87.17647058823529,42.0,17,2.4814814814814814,35.29,Vitor + ğŸŒ¸æ¨±èŠ±ç”µğŸŒ¸
ğŸŒ¸Ark NovağŸŒ¸ + ğŸŒ¸Scolex IndustriesğŸŒ¸,19,6,2.473684210526316,91.05263157894737,47.0,19,2.4827586206896552,31.58,ğŸŒ¸æ–¹èˆŸåŠ¨ç‰©å›­ğŸŒ¸ + ğŸŒ¸æ˜Ÿæ ¸å·¥ä¸šğŸŒ¸
Aurorai + United Nations Mission One,19,4,2.473684210526316,38.89473684210526,47.0,19,2.4827586206896552,21.05,Aurorai + United Nations Mission One
CrediCor + Interplanetary Cinematics (breakthrough),19,5,2.473684210526316,90.42105263157895,47.0,19,2.4827586206896552,26.32,CrediCor + Interplanetary Cinematics (breakthrough)
Manutech + ğŸŒ¸Ark NovağŸŒ¸,25,8,2.48,97.64,62.0,25,2.4857142857142858,32.0,Manutech + ğŸŒ¸æ–¹èˆŸåŠ¨ç‰©å›­ğŸŒ¸
Sagitta Frontier Services + ğŸŒ¸StarlinkDrifterğŸŒ¸,35,8,2.4857142857142858,81.91428571428571,87.0,35,2.488888888888889,22.86,Sagitta Frontier Services + ğŸŒ¸æ˜Ÿé“¾æ¼‚æµè€…ğŸŒ¸
Celestic (breakthrough) + Valley Trust (breakthrough),39,7,2.4871794871794872,85.2051282051282,97.0,39,2.489795918367347,17.95,Celestic (breakthrough) + Valley Trust (breakthrough)
Pharmacy Union + Valley Trust (breakthrough),20,3,2.5,81.7,50.0,20,2.5,15.0,åˆ¶è¯è”ç›Ÿ + Valley Trust (breakthrough)
Tycho Magnetics + ğŸŒ¸Weyland YutaniğŸŒ¸,18,4,2.5,86.88888888888889,45.0,18,2.5,22.22,ç¬¬è°·ç£åŠ› + ğŸŒ¸éŸ¦å…°å¾·-å°¤å¦å°¼é›†å›¢ğŸŒ¸
Splice (breakthrough) + ğŸŒ¸ProwlerğŸŒ¸,16,3,2.5,75.1875,40.0,16,2.5,18.75,Splice (breakthrough) + ğŸŒ¸å¾˜å¾Šè€…ğŸŒ¸
Luna Chain + Teractor (breakthrough),12,3,2.5,90.75,30.0,12,2.5,25.0,è¿æœˆ + Teractor (breakthrough)
Collegium Copernicus + ğŸŒ¸Weyland YutaniğŸŒ¸,34,8,2.5,77.41176470588235,85.0,34,2.5,23.53,å“¥ç™½å°¼å­¦é™¢ + ğŸŒ¸éŸ¦å…°å¾·-å°¤å¦å°¼é›†å›¢ğŸŒ¸
Poseidon + ğŸŒ¸Mining CorpğŸŒ¸,16,6,2.5,88.0625,40.0,16,2.5,37.5,Poseidon + ğŸŒ¸é’¢é“ç²¾ç‚¼ğŸŒ¸
Arcadian Communities (breakthrough) + ğŸŒ¸Energy Saving EcologyğŸŒ¸,10,3,2.5,74.0,25.0,10,2.5,30.0,Arcadian Communities (breakthrough) + ğŸŒ¸èŠ‚èƒ½ç”Ÿæ€ğŸŒ¸
Inventrix (breakthrough) + Viron (breakthrough),10,2,2.5,75.9,25.0,10,2.5,20.0,Inventrix (breakthrough) + Viron (breakthrough)
Midas + Vitor,12,2,2.5,71.83333333333333,30.0,12,2.5,16.67,Midas + Vitor
Midas + ğŸŒ¸StarlinkDrifterğŸŒ¸,12,4,2.5,69.75,30.0,12,2.5,33.33,Midas + ğŸŒ¸æ˜Ÿé“¾æ¼‚æµè€…ğŸŒ¸
ğŸŒ¸Shinra TechğŸŒ¸ + ğŸŒ¸TyrellğŸŒ¸,12,2,2.5,98.5,30.0,12,2.5,16.67,ğŸŒ¸æ¨±èŠ±ç”µğŸŒ¸ + ğŸŒ¸æ³°ç‘å°”å…¬å¸ğŸŒ¸
Sagitta Frontier Services + é›©å–µç§‘å­¦æ¢æµ‹å™¨,12,5,2.5,79.33333333333333,30.0,12,2.5,41.67,Sagitta Frontier Services + é›©å–µç§‘å­¦æ¢æµ‹å™¨
Recyclon (breakthrough) + ğŸŒ¸Integrated MicroorganismsğŸŒ¸,20,5,2.5,94.2,50.0,20,2.5,25.0,Recyclon (breakthrough) + ğŸŒ¸å¾®ç”Ÿç‰©æ˜Ÿå°˜ğŸŒ¸
Manutech + ğŸŒ¸MirrorCoatğŸŒ¸,12,3,2.5,82.83333333333333,30.0,12,2.5,25.0,Manutech + ğŸŒ¸é•œåğŸŒ¸
Hecate Speditions + Point Luna,16,6,2.5,84.0625,40.0,16,2.5,37.5,èµ«å¡å¿’æ¢é™©é˜Ÿ + Point Luna
Prism + Vitor,22,5,2.5,94.72727272727273,55.0,22,2.5,22.73,æ£±é•œå…‰è°±ç ”ç©¶å®¤ + Vitor
Luna Chain + Vitor,28,7,2.5,97.5,70.0,28,2.5,25.0,è¿æœˆ + Vitor
Luna Chain + ğŸŒ¸StarlinkDrifterğŸŒ¸,10,2,2.5,73.8,25.0,10,2.5,20.0,è¿æœˆ + ğŸŒ¸æ˜Ÿé“¾æ¼‚æµè€…ğŸŒ¸
Mining guild (breakthrough) + ğŸŒ¸Mining CorpğŸŒ¸,30,9,2.5,86.66666666666667,75.0,30,2.5,30.0,Mining guild (breakthrough) + ğŸŒ¸é’¢é“ç²¾ç‚¼ğŸŒ¸
Prism + Valley Trust (breakthrough),29,7,2.5172413793103448,86.27586206896552,73.0,29,2.5128205128205128,24.14,æ£±é•œå…‰è°±ç ”ç©¶å®¤ + Valley Trust (breakthrough)
Point Luna + Ringcom,29,9,2.5172413793103448,90.82758620689656,73.0,29,2.5128205128205128,31.03,Point Luna + Ringcom
Point Luna + ğŸŒ¸EliteTechğŸŒ¸,23,7,2.5217391304347827,79.43478260869566,58.0,23,2.515151515151515,30.43,Point Luna + ğŸŒ¸ç²¾è‹±å›é¦ˆğŸŒ¸
Midas + Pobolog (breakthrough),17,4,2.5294117647058822,84.05882352941177,43.0,17,2.5185185185185186,23.53,Midas + Pobolog (breakthrough)
Recyclon (breakthrough) + Splice (breakthrough),17,4,2.5294117647058822,92.23529411764706,43.0,17,2.5185185185185186,23.53,Recyclon (breakthrough) + Splice (breakthrough)
Point Luna + ğŸŒ¸Scolex IndustriesğŸŒ¸,17,5,2.5294117647058822,91.94117647058823,43.0,17,2.5185185185185186,29.41,Point Luna + ğŸŒ¸æ˜Ÿæ ¸å·¥ä¸šğŸŒ¸
Spire + ğŸŒ¸Weyland YutaniğŸŒ¸,17,5,2.5294117647058822,81.23529411764706,43.0,17,2.5185185185185186,29.41,Spire + ğŸŒ¸éŸ¦å…°å¾·-å°¤å¦å°¼é›†å›¢ğŸŒ¸
Celestic (breakthrough) + Pobolog (breakthrough),15,2,2.533333333333333,83.13333333333334,38.0,15,2.52,13.33,Celestic (breakthrough) + Pobolog (breakthrough)
Poseidon + Ringcom,15,2,2.533333333333333,89.93333333333334,38.0,15,2.52,13.33,Poseidon + Ringcom
Spire + ğŸŒ¸Integrated MicroorganismsğŸŒ¸,15,3,2.533333333333333,75.06666666666666,38.0,15,2.52,20.0,Spire + ğŸŒ¸å¾®ç”Ÿç‰©æ˜Ÿå°˜ğŸŒ¸
Helion (breakthrough) + ğŸŒ¸ProtogenğŸŒ¸,13,1,2.5384615384615383,75.6923076923077,33.0,13,2.5217391304347827,7.69,Helion (breakthrough) + ğŸŒ¸å¾®ç”Ÿç‰©çƒ­èˆğŸŒ¸
Ringcom + ğŸŒ¸StarlinkDrifterğŸŒ¸,13,2,2.5384615384615383,83.15384615384616,33.0,13,2.5217391304347827,15.38,Ringcom + ğŸŒ¸æ˜Ÿé“¾æ¼‚æµè€…ğŸŒ¸
Poseidon + ğŸŒ¸StarlinkDrifterğŸŒ¸,13,3,2.5384615384615383,85.76923076923077,33.0,13,2.5217391304347827,23.08,Poseidon + ğŸŒ¸æ˜Ÿé“¾æ¼‚æµè€…ğŸŒ¸
Midas + Terralabs Research (breakthrough),11,4,2.5454545454545454,116.63636363636364,28.0,11,2.5238095238095237,36.36,Midas + Terralabs Research (breakthrough)
Tycho Magnetics + ğŸŒ¸Scolex IndustriesğŸŒ¸,11,3,2.5454545454545454,110.18181818181819,28.0,11,2.5238095238095237,27.27,ç¬¬è°·ç£åŠ› + ğŸŒ¸æ˜Ÿæ ¸å·¥ä¸šğŸŒ¸
Bio-Sol + ğŸŒ¸ProtogenğŸŒ¸,11,2,2.5454545454545454,74.18181818181819,28.0,11,2.5238095238095237,18.18, + ğŸŒ¸å¾®ç”Ÿç‰©çƒ­èˆğŸŒ¸
Thorgate (breakthrough) + Tycho Magnetics,11,2,2.5454545454545454,117.27272727272727,28.0,11,2.5238095238095237,18.18,Thorgate (breakthrough) + ç¬¬è°·ç£åŠ›
Point Luna + Terralabs Research (breakthrough),26,6,2.5384615384615383,84.8076923076923,66.0,26,2.5277777777777777,23.08,Point Luna + Terralabs Research (breakthrough)
Prism + ğŸŒ¸StarlinkDrifterğŸŒ¸,75,25,2.533333333333333,94.41333333333333,190.0,75,2.5294117647058822,33.33,æ£±é•œå…‰è°±ç ”ç©¶å®¤ + ğŸŒ¸æ˜Ÿé“¾æ¼‚æµè€…ğŸŒ¸
Inventrix (breakthrough) + ğŸŒ¸Weyland YutaniğŸŒ¸,24,6,2.5416666666666665,83.54166666666667,61.0,24,2.5294117647058822,25.0,Inventrix (breakthrough) + ğŸŒ¸éŸ¦å…°å¾·-å°¤å¦å°¼é›†å›¢ğŸŒ¸
Manutech + Point Luna,22,6,2.5454545454545454,93.36363636363636,56.0,22,2.53125,27.27,Manutech + Point Luna
Tycho Magnetics + ğŸŒ¸SolarPlantğŸŒ¸,35,6,2.5428571428571427,75.65714285714286,89.0,35,2.533333333333333,17.14,ç¬¬è°·ç£åŠ› + ğŸŒ¸å¤ªé˜³èƒ½å…¬å¸ğŸŒ¸
Arcadian Communities (breakthrough) + Mining guild (breakthrough),18,5,2.5555555555555554,83.38888888888889,46.0,18,2.5357142857142856,27.78,Arcadian Communities (breakthrough) + Mining guild (breakthrough)
Midas + ğŸŒ¸Integrated MicroorganismsğŸŒ¸,16,4,2.5625,74.5,41.0,16,2.5384615384615383,25.0,Midas + ğŸŒ¸å¾®ç”Ÿç‰©æ˜Ÿå°˜ğŸŒ¸
Teractor (breakthrough) + ğŸŒ¸Integrated MicroorganismsğŸŒ¸,14,4,2.5714285714285716,84.28571428571429,36.0,14,2.5416666666666665,28.57,Teractor (breakthrough) + ğŸŒ¸å¾®ç”Ÿç‰©æ˜Ÿå°˜ğŸŒ¸
Luna Chain + é›©å–µç§‘å­¦æ¢æµ‹å™¨,14,3,2.5714285714285716,79.21428571428571,36.0,14,2.5416666666666665,21.43,è¿æœˆ + é›©å–µç§‘å­¦æ¢æµ‹å™¨
Valley Trust (breakthrough) + Viron (breakthrough),25,7,2.56,95.92,64.0,25,2.5428571428571427,28.0,Valley Trust (breakthrough) + Viron (breakthrough)
Pobolog (breakthrough) + ğŸŒ¸StarlinkDrifterğŸŒ¸,12,4,2.5833333333333335,128.41666666666666,31.0,12,2.5454545454545454,33.33,Pobolog (breakthrough) + ğŸŒ¸æ˜Ÿé“¾æ¼‚æµè€…ğŸŒ¸
Mining guild (breakthrough) + ğŸŒ¸RDAğŸŒ¸,12,2,2.5833333333333335,74.25,31.0,12,2.5454545454545454,16.67,Mining guild (breakthrough) + ğŸŒ¸RDAğŸŒ¸
Midas + Ringcom,23,7,2.5652173913043477,87.21739130434783,59.0,23,2.5454545454545454,30.43,Midas + Ringcom
MorningStar Inc (breakthrough) + StormCraft Incorporated (breakthrough),12,2,2.5833333333333335,92.58333333333333,31.0,12,2.5454545454545454,16.67,MorningStar Inc (breakthrough) + StormCraft Incorporated (breakthrough)
ğŸŒ¸Energy Saving EcologyğŸŒ¸ + ğŸŒ¸ProwlerğŸŒ¸,12,2,2.5833333333333335,76.25,31.0,12,2.5454545454545454,16.67,ğŸŒ¸èŠ‚èƒ½ç”Ÿæ€ğŸŒ¸ + ğŸŒ¸å¾˜å¾Šè€…ğŸŒ¸
Prism + Viron (breakthrough),43,11,2.558139534883721,88.51162790697674,110.0,43,2.547169811320755,25.58,æ£±é•œå…‰è°±ç ”ç©¶å®¤ + Viron (breakthrough)
CrediCor + Midas,32,9,2.5625,52.8125,82.0,32,2.5476190476190474,28.12,CrediCor + Midas
ğŸŒ¸TyrellğŸŒ¸ + ğŸŒ¸Weyland YutaniğŸŒ¸,32,6,2.5625,87.75,82.0,32,2.5476190476190474,18.75,ğŸŒ¸æ³°ç‘å°”å…¬å¸ğŸŒ¸ + ğŸŒ¸éŸ¦å…°å¾·-å°¤å¦å°¼é›†å›¢ğŸŒ¸
ğŸŒ¸EliteTechğŸŒ¸ + ğŸŒ¸TyrellğŸŒ¸,21,5,2.5714285714285716,82.85714285714286,54.0,21,2.5483870967741935,23.81,ğŸŒ¸ç²¾è‹±å›é¦ˆğŸŒ¸ + ğŸŒ¸æ³°ç‘å°”å…¬å¸ğŸŒ¸
Spire + ğŸŒ¸EliteTechğŸŒ¸,21,4,2.5714285714285716,86.52380952380952,54.0,21,2.5483870967741935,19.05,Spire + ğŸŒ¸ç²¾è‹±å›é¦ˆğŸŒ¸
Eglogue + ğŸŒ¸SolarPlantğŸŒ¸,10,1,2.6,63.0,26.0,10,2.55,10.0,Eglogue + ğŸŒ¸å¤ªé˜³èƒ½å…¬å¸ğŸŒ¸
Poseidon + Terralabs Research (breakthrough),10,2,2.6,79.6,26.0,10,2.55,20.0,Poseidon + Terralabs Research (breakthrough)
Luna Chain + ğŸŒ¸Green RingğŸŒ¸,10,1,2.6,77.2,26.0,10,2.55,10.0,è¿æœˆ + ğŸŒ¸ç»¿ç¯ğŸŒ¸
United Nations Mission One + Vitor,10,3,2.6,82.5,26.0,10,2.55,30.0,United Nations Mission One + Vitor
Celestic (breakthrough) + ğŸŒ¸StarlinkDrifterğŸŒ¸,10,1,2.6,73.0,26.0,10,2.55,10.0,Celestic (breakthrough) + ğŸŒ¸æ˜Ÿé“¾æ¼‚æµè€…ğŸŒ¸
Poseidon + Prism,10,2,2.6,86.2,26.0,10,2.55,20.0,Poseidon + æ£±é•œå…‰è°±ç ”ç©¶å®¤
Factorum (breakthrough) + ğŸŒ¸Mining CorpğŸŒ¸,28,8,2.5714285714285716,87.57142857142857,72.0,28,2.5526315789473686,28.57,Factorum (breakthrough) + ğŸŒ¸é’¢é“ç²¾ç‚¼ğŸŒ¸
Interplanetary Cinematics (breakthrough) + é›©å–µç§‘å­¦æ¢æµ‹å™¨,17,3,2.588235294117647,70.58823529411765,44.0,17,2.5555555555555554,17.65,Interplanetary Cinematics (breakthrough) + é›©å–µç§‘å­¦æ¢æµ‹å™¨
Inventrix (breakthrough) + é›©å–µç§‘å­¦æ¢æµ‹å™¨,17,2,2.588235294117647,77.82352941176471,44.0,17,2.5555555555555554,11.76,Inventrix (breakthrough) + é›©å–µç§‘å­¦æ¢æµ‹å™¨
Point Luna + ğŸŒ¸Weyland YutaniğŸŒ¸,17,2,2.588235294117647,82.3529411764706,44.0,17,2.5555555555555554,11.76,Point Luna + ğŸŒ¸éŸ¦å…°å¾·-å°¤å¦å°¼é›†å›¢ğŸŒ¸
Teractor (breakthrough) + ğŸŒ¸Scolex IndustriesğŸŒ¸,17,4,2.588235294117647,77.0,44.0,17,2.5555555555555554,23.53,Teractor (breakthrough) + ğŸŒ¸æ˜Ÿæ ¸å·¥ä¸šğŸŒ¸
Spire + é›©å–µç§‘å­¦æ¢æµ‹å™¨,26,7,2.576923076923077,80.5,67.0,26,2.5555555555555554,26.92,Spire + é›©å–µç§‘å­¦æ¢æµ‹å™¨
Inventrix (breakthrough) + Valley Trust (breakthrough),24,4,2.5833333333333335,76.04166666666667,62.0,24,2.5588235294117645,16.67,Inventrix (breakthrough) + Valley Trust (breakthrough)
Valley Trust (breakthrough) + ğŸŒ¸PoliticalReformğŸŒ¸,15,3,2.6,71.8,39.0,15,2.56,20.0,Valley Trust (breakthrough) + ğŸŒ¸åˆ¶åº¦æ”¹é©ğŸŒ¸
Manutech + Teractor (breakthrough),15,3,2.6,79.26666666666667,39.0,15,2.56,20.0,Manutech + Teractor (breakthrough)
ğŸŒ¸Ark NovağŸŒ¸ + ğŸŒ¸RDAğŸŒ¸,13,4,2.6153846153846154,76.92307692307692,34.0,13,2.5652173913043477,30.77,ğŸŒ¸æ–¹èˆŸåŠ¨ç‰©å›­ğŸŒ¸ + ğŸŒ¸RDAğŸŒ¸
Celestic (breakthrough) + ğŸŒ¸Green RingğŸŒ¸,13,3,2.6153846153846154,83.61538461538461,34.0,13,2.5652173913043477,23.08,Celestic (breakthrough) + ğŸŒ¸ç»¿ç¯ğŸŒ¸
Arklight (breakthrough) + ğŸŒ¸Ark NovağŸŒ¸,82,20,2.573170731707317,109.84146341463415,211.0,82,2.5652173913043477,24.39,Arklight (breakthrough) + ğŸŒ¸æ–¹èˆŸåŠ¨ç‰©å›­ğŸŒ¸
Interplanetary Cinematics (breakthrough) + Prism,20,8,2.6,96.75,52.0,20,2.566666666666667,40.0,Interplanetary Cinematics (breakthrough) + æ£±é•œå…‰è°±ç ”ç©¶å®¤
Valley Trust (breakthrough) + é›©å–µç§‘å­¦æ¢æµ‹å™¨,41,12,2.5853658536585367,87.34146341463415,106.0,41,2.5686274509803924,29.27,Valley Trust (breakthrough) + é›©å–µç§‘å­¦æ¢æµ‹å™¨
ğŸŒ¸Energy Saving EcologyğŸŒ¸ + ğŸŒ¸Mining CorpğŸŒ¸,11,2,2.6363636363636362,79.18181818181819,29.0,11,2.5714285714285716,18.18,ğŸŒ¸èŠ‚èƒ½ç”Ÿæ€ğŸŒ¸ + ğŸŒ¸é’¢é“ç²¾ç‚¼ğŸŒ¸
Prism + ğŸŒ¸TyrellğŸŒ¸,18,6,2.611111111111111,90.94444444444444,47.0,18,2.5714285714285716,33.33,æ£±é•œå…‰è°±ç ”ç©¶å®¤ + ğŸŒ¸æ³°ç‘å°”å…¬å¸ğŸŒ¸
Point Luna + ğŸŒ¸Shinra TechğŸŒ¸,11,2,2.6363636363636362,79.9090909090909,29.0,11,2.5714285714285716,18.18,Point Luna + ğŸŒ¸æ¨±èŠ±ç”µğŸŒ¸
Celestic (breakthrough) + ğŸŒ¸åŒè½¨è·ƒè¿ğŸŒ¸,11,3,2.6363636363636362,73.0,29.0,11,2.5714285714285716,27.27,Celestic (breakthrough) + ğŸŒ¸åŒè½¨è·ƒè¿ğŸŒ¸
Palladin Shipping + UNMI (breakthrough),11,1,2.6363636363636362,68.72727272727273,29.0,11,2.5714285714285716,9.09,Palladin Shipping + UNMI (breakthrough)
Tycho Magnetics + ğŸŒ¸Shinra TechğŸŒ¸,51,10,2.588235294117647,86.58823529411765,132.0,51,2.5737704918032787,19.61,ç¬¬è°·ç£åŠ› + ğŸŒ¸æ¨±èŠ±ç”µğŸŒ¸
Celestic (breakthrough) + Point Luna,16,1,2.625,89.25,42.0,16,2.576923076923077,6.25,Celestic (breakthrough) + Point Luna
Interplanetary Cinematics (breakthrough) + ğŸŒ¸Ark NovağŸŒ¸,16,4,2.625,74.4375,42.0,16,2.576923076923077,25.0,Interplanetary Cinematics (breakthrough) + ğŸŒ¸æ–¹èˆŸåŠ¨ç‰©å›­ğŸŒ¸
Celestic (breakthrough) + Hecate Speditions,16,3,2.625,83.625,42.0,16,2.576923076923077,18.75,Celestic (breakthrough) + èµ«å¡å¿’æ¢é™©é˜Ÿ
ğŸŒ¸StarlinkDrifterğŸŒ¸ + ğŸŒ¸Weyland YutaniğŸŒ¸,21,5,2.619047619047619,99.61904761904762,55.0,21,2.5806451612903225,23.81,ğŸŒ¸æ˜Ÿé“¾æ¼‚æµè€…ğŸŒ¸ + ğŸŒ¸éŸ¦å…°å¾·-å°¤å¦å°¼é›†å›¢ğŸŒ¸
Aurorai + Midas,14,6,2.642857142857143,36.57142857142857,37.0,14,2.5833333333333335,42.86,Aurorai + Midas
Terralabs Research (breakthrough) + ğŸŒ¸TyrellğŸŒ¸,14,3,2.642857142857143,84.0,37.0,14,2.5833333333333335,21.43,Terralabs Research (breakthrough) + ğŸŒ¸æ³°ç‘å°”å…¬å¸ğŸŒ¸
Point Luna + Viron (breakthrough),24,9,2.625,103.25,63.0,24,2.588235294117647,37.5,Point Luna + Viron (breakthrough)
ğŸŒ¸Mining CorpğŸŒ¸ + ğŸŒ¸Scolex IndustriesğŸŒ¸,22,3,2.6363636363636362,81.95454545454545,58.0,22,2.59375,13.64,ğŸŒ¸é’¢é“ç²¾ç‚¼ğŸŒ¸ + ğŸŒ¸æ˜Ÿæ ¸å·¥ä¸šğŸŒ¸
ğŸŒ¸SolarPlantğŸŒ¸ + ğŸŒ¸åŒè½¨è·ƒè¿ğŸŒ¸,22,4,2.6363636363636362,88.5,58.0,22,2.59375,18.18,ğŸŒ¸å¤ªé˜³èƒ½å…¬å¸ğŸŒ¸ + ğŸŒ¸åŒè½¨è·ƒè¿ğŸŒ¸
Collegium Copernicus + Poseidon,10,2,2.7,72.4,27.0,10,2.6,20.0,å“¥ç™½å°¼å­¦é™¢ + Poseidon
ğŸŒ¸EliteTechğŸŒ¸ + ğŸŒ¸åŒè½¨è·ƒè¿ğŸŒ¸,10,1,2.7,78.4,27.0,10,2.6,10.0,ğŸŒ¸ç²¾è‹±å›é¦ˆğŸŒ¸ + ğŸŒ¸åŒè½¨è·ƒè¿ğŸŒ¸
Mining guild (breakthrough) + ğŸŒ¸Ark NovağŸŒ¸,15,2,2.6666666666666665,86.46666666666667,40.0,15,2.6,13.33,Mining guild (breakthrough) + ğŸŒ¸æ–¹èˆŸåŠ¨ç‰©å›­ğŸŒ¸
Inventrix (breakthrough) + Vitor,15,3,2.6666666666666665,78.46666666666667,40.0,15,2.6,20.0,Inventrix (breakthrough) + Vitor
Teractor (breakthrough) + ğŸŒ¸StarlinkDrifterğŸŒ¸,15,4,2.6666666666666665,103.46666666666667,40.0,15,2.6,26.67,Teractor (breakthrough) + ğŸŒ¸æ˜Ÿé“¾æ¼‚æµè€…ğŸŒ¸
Arcadian Communities (breakthrough) + ğŸŒ¸Mining CorpğŸŒ¸,33,6,2.6363636363636362,74.78787878787878,87.0,33,2.604651162790698,18.18,Arcadian Communities (breakthrough) + ğŸŒ¸é’¢é“ç²¾ç‚¼ğŸŒ¸
Valley Trust (breakthrough) + ğŸŒ¸Weyland YutaniğŸŒ¸,66,13,2.621212121212121,84.0909090909091,173.0,66,2.6052631578947367,19.7,Valley Trust (breakthrough) + ğŸŒ¸éŸ¦å…°å¾·-å°¤å¦å°¼é›†å›¢ğŸŒ¸
Aridor + Poseidon,18,5,2.6666666666666665,97.72222222222223,48.0,18,2.607142857142857,27.78,Aridor + Poseidon
ğŸŒ¸Shinra TechğŸŒ¸ + ğŸŒ¸StarlinkDrifterğŸŒ¸,13,2,2.6923076923076925,83.3076923076923,35.0,13,2.608695652173913,15.38,ğŸŒ¸æ¨±èŠ±ç”µğŸŒ¸ + ğŸŒ¸æ˜Ÿé“¾æ¼‚æµè€…ğŸŒ¸
Point Luna + ğŸŒ¸TyrellğŸŒ¸,13,4,2.6923076923076925,91.38461538461539,35.0,13,2.608695652173913,30.77,Point Luna + ğŸŒ¸æ³°ç‘å°”å…¬å¸ğŸŒ¸
Point Luna + ğŸŒ¸Integrated MicroorganismsğŸŒ¸,29,6,2.6551724137931036,109.82758620689656,77.0,29,2.6153846153846154,20.69,Point Luna + ğŸŒ¸å¾®ç”Ÿç‰©æ˜Ÿå°˜ğŸŒ¸
Inventrix (breakthrough) + Tycho Magnetics,16,3,2.6875,99.0625,43.0,16,2.6153846153846154,18.75,Inventrix (breakthrough) + ç¬¬è°·ç£åŠ›
ğŸŒ¸Integrated MicroorganismsğŸŒ¸ + ğŸŒ¸TyrellğŸŒ¸,16,5,2.6875,90.3125,43.0,16,2.6153846153846154,31.25,ğŸŒ¸å¾®ç”Ÿç‰©æ˜Ÿå°˜ğŸŒ¸ + ğŸŒ¸æ³°ç‘å°”å…¬å¸ğŸŒ¸
ğŸŒ¸Shinra TechğŸŒ¸ + ğŸŒ¸Weyland YutaniğŸŒ¸,24,4,2.6666666666666665,80.79166666666667,64.0,24,2.6176470588235294,16.67,ğŸŒ¸æ¨±èŠ±ç”µğŸŒ¸ + ğŸŒ¸éŸ¦å…°å¾·-å°¤å¦å°¼é›†å›¢ğŸŒ¸
Point Luna + Poseidon,24,6,2.6666666666666665,86.33333333333333,64.0,24,2.6176470588235294,25.0,Point Luna + Poseidon
Midas + Polaris,24,4,2.6666666666666665,66.04166666666667,64.0,24,2.6176470588235294,16.67,Midas + åŒ—ææ˜Ÿ
Luna Chain + ğŸŒ¸Weyland YutaniğŸŒ¸,11,2,2.727272727272727,83.63636363636364,30.0,11,2.619047619047619,18.18,è¿æœˆ + ğŸŒ¸éŸ¦å…°å¾·-å°¤å¦å°¼é›†å›¢ğŸŒ¸
Teractor (breakthrough) + ğŸŒ¸Energy Saving EcologyğŸŒ¸,11,3,2.727272727272727,70.0909090909091,30.0,11,2.619047619047619,27.27,Teractor (breakthrough) + ğŸŒ¸èŠ‚èƒ½ç”Ÿæ€ğŸŒ¸
Inventrix (breakthrough) + ğŸŒ¸Integrated MicroorganismsğŸŒ¸,11,2,2.727272727272727,84.0,30.0,11,2.619047619047619,18.18,Inventrix (breakthrough) + ğŸŒ¸å¾®ç”Ÿç‰©æ˜Ÿå°˜ğŸŒ¸
Ambient + Helion (breakthrough),22,3,2.6818181818181817,75.22727272727273,59.0,22,2.625,13.64, + Helion (breakthrough)
ğŸŒ¸Shinra TechğŸŒ¸ + ğŸŒ¸åŒè½¨è·ƒè¿ğŸŒ¸,14,1,2.7142857142857144,68.64285714285714,38.0,14,2.625,7.14,ğŸŒ¸æ¨±èŠ±ç”µğŸŒ¸ + ğŸŒ¸åŒè½¨è·ƒè¿ğŸŒ¸
Prism + ğŸŒ¸Weyland YutaniğŸŒ¸,30,5,2.6666666666666665,88.0,80.0,30,2.625,16.67,æ£±é•œå…‰è°±ç ”ç©¶å®¤ + ğŸŒ¸éŸ¦å…°å¾·-å°¤å¦å°¼é›†å›¢ğŸŒ¸
United Nations Mission One + Void,17,4,2.7058823529411766,36.8235294117647,46.0,17,2.6296296296296298,23.53,United Nations Mission One + Void
Labour Union + PolderTECH Dutch,20,2,2.7,34.0,54.0,20,2.6333333333333333,10.0,Labour Union + è·å…°åœ©ç”°ç§‘æŠ€
ğŸŒ¸Integrated MicroorganismsğŸŒ¸ + ğŸŒ¸ProwlerğŸŒ¸,12,1,2.75,84.0,33.0,12,2.6363636363636362,8.33,ğŸŒ¸å¾®ç”Ÿç‰©æ˜Ÿå°˜ğŸŒ¸ + ğŸŒ¸å¾˜å¾Šè€…ğŸŒ¸
Interplanetary Cinematics (breakthrough) + Viron (breakthrough),12,3,2.75,83.5,33.0,12,2.6363636363636362,25.0,Interplanetary Cinematics (breakthrough) + Viron (breakthrough)
Splice (breakthrough) + ğŸŒ¸Mining CorpğŸŒ¸,12,1,2.75,79.75,33.0,12,2.6363636363636362,8.33,Splice (breakthrough) + ğŸŒ¸é’¢é“ç²¾ç‚¼ğŸŒ¸
Polaris + ğŸŒ¸Scolex IndustriesğŸŒ¸,12,1,2.75,67.33333333333333,33.0,12,2.6363636363636362,8.33,åŒ—ææ˜Ÿ + ğŸŒ¸æ˜Ÿæ ¸å·¥ä¸šğŸŒ¸
Collegium Copernicus + Point Luna,15,3,2.7333333333333334,126.0,41.0,15,2.64,20.0,å“¥ç™½å°¼å­¦é™¢ + Point Luna
Vitor + ğŸŒ¸TyrellğŸŒ¸,21,3,2.7142857142857144,77.28571428571429,57.0,21,2.6451612903225805,14.29,Vitor + ğŸŒ¸æ³°ç‘å°”å…¬å¸ğŸŒ¸
Pobolog (breakthrough) + ğŸŒ¸Weyland YutaniğŸŒ¸,24,4,2.7083333333333335,73.41666666666667,65.0,24,2.6470588235294117,16.67,Pobolog (breakthrough) + ğŸŒ¸éŸ¦å…°å¾·-å°¤å¦å°¼é›†å›¢ğŸŒ¸
Point Luna + é›©å–µç§‘å­¦æ¢æµ‹å™¨,47,11,2.6808510638297873,84.0,126.0,47,2.6491228070175437,23.4,Point Luna + é›©å–µç§‘å­¦æ¢æµ‹å™¨
Collegium Copernicus + Inventrix (breakthrough),10,2,2.8,81.7,28.0,10,2.65,20.0,å“¥ç™½å°¼å­¦é™¢ + Inventrix (breakthrough)
é›©å–µç§‘å­¦æ¢æµ‹å™¨ + ğŸŒ¸StarlinkDrifterğŸŒ¸,10,2,2.8,77.9,28.0,10,2.65,20.0,é›©å–µç§‘å­¦æ¢æµ‹å™¨ + ğŸŒ¸æ˜Ÿé“¾æ¼‚æµè€…ğŸŒ¸
ğŸŒ¸Ark NovağŸŒ¸ + ğŸŒ¸TyrellğŸŒ¸,10,3,2.8,93.8,28.0,10,2.65,30.0,ğŸŒ¸æ–¹èˆŸåŠ¨ç‰©å›­ğŸŒ¸ + ğŸŒ¸æ³°ç‘å°”å…¬å¸ğŸŒ¸
Terralabs Research (breakthrough) + ğŸŒ¸EliteTechğŸŒ¸,10,2,2.8,76.6,28.0,10,2.65,20.0,Terralabs Research (breakthrough) + ğŸŒ¸ç²¾è‹±å›é¦ˆğŸŒ¸
Pharmacy Union + ğŸŒ¸Weyland YutaniğŸŒ¸,13,1,2.769230769230769,86.15384615384616,36.0,13,2.652173913043478,7.69,åˆ¶è¯è”ç›Ÿ + ğŸŒ¸éŸ¦å…°å¾·-å°¤å¦å°¼é›†å›¢ğŸŒ¸
Sagitta Frontier Services + Viron (breakthrough),13,3,2.769230769230769,78.07692307692308,36.0,13,2.652173913043478,23.08,Sagitta Frontier Services + Viron (breakthrough)
ğŸŒ¸EliteTechğŸŒ¸ + ğŸŒ¸Weyland YutaniğŸŒ¸,48,13,2.6875,86.0,129.0,48,2.6551724137931036,27.08,ğŸŒ¸ç²¾è‹±å›é¦ˆğŸŒ¸ + ğŸŒ¸éŸ¦å…°å¾·-å°¤å¦å°¼é›†å›¢ğŸŒ¸
Poseidon + ğŸŒ¸åŒè½¨è·ƒè¿ğŸŒ¸,25,3,2.72,73.24,68.0,25,2.657142857142857,12.0,Poseidon + ğŸŒ¸åŒè½¨è·ƒè¿ğŸŒ¸
Interplanetary Cinematics (breakthrough) + ğŸŒ¸Green RingğŸŒ¸,11,1,2.8181818181818183,71.72727272727273,31.0,11,2.6666666666666665,9.09,Interplanetary Cinematics (breakthrough) + ğŸŒ¸ç»¿ç¯ğŸŒ¸
Inventrix (breakthrough) + ğŸŒ¸EliteTechğŸŒ¸,11,1,2.8181818181818183,71.72727272727273,31.0,11,2.6666666666666665,9.09,Inventrix (breakthrough) + ğŸŒ¸ç²¾è‹±å›é¦ˆğŸŒ¸
Helion (breakthrough) + StormCraft Incorporated (breakthrough),14,1,2.7857142857142856,75.07142857142857,39.0,14,2.6666666666666665,7.14,Helion (breakthrough) + StormCraft Incorporated (breakthrough)
Valley Trust (breakthrough) + ğŸŒ¸Ark NovağŸŒ¸,11,1,2.8181818181818183,73.36363636363636,31.0,11,2.6666666666666665,9.09,Valley Trust (breakthrough) + ğŸŒ¸æ–¹èˆŸåŠ¨ç‰©å›­ğŸŒ¸
ğŸŒ¸Scolex IndustriesğŸŒ¸ + ğŸŒ¸åŒè½¨è·ƒè¿ğŸŒ¸,11,3,2.8181818181818183,98.63636363636364,31.0,11,2.6666666666666665,27.27,ğŸŒ¸æ˜Ÿæ ¸å·¥ä¸šğŸŒ¸ + ğŸŒ¸åŒè½¨è·ƒè¿ğŸŒ¸
Aurorai + Void,14,3,2.7857142857142856,39.0,39.0,14,2.6666666666666665,21.43,Aurorai + Void
ğŸŒ¸Integrated MicroorganismsğŸŒ¸ + ğŸŒ¸Weyland YutaniğŸŒ¸,24,3,2.75,71.95833333333333,66.0,24,2.676470588235294,12.5,ğŸŒ¸å¾®ç”Ÿç‰©æ˜Ÿå°˜ğŸŒ¸ + ğŸŒ¸éŸ¦å…°å¾·-å°¤å¦å°¼é›†å›¢ğŸŒ¸
é›©å–µç§‘å­¦æ¢æµ‹å™¨ + ğŸŒ¸TyrellğŸŒ¸,24,6,2.75,97.04166666666667,66.0,24,2.676470588235294,25.0,é›©å–µç§‘å­¦æ¢æµ‹å™¨ + ğŸŒ¸æ³°ç‘å°”å…¬å¸ğŸŒ¸
Terralabs Research (breakthrough) + ğŸŒ¸Weyland YutaniğŸŒ¸,15,2,2.8,72.66666666666667,42.0,15,2.68,13.33,Terralabs Research (breakthrough) + ğŸŒ¸éŸ¦å…°å¾·-å°¤å¦å°¼é›†å›¢ğŸŒ¸
Lakefront Resorts + ğŸŒ¸Energy Saving EcologyğŸŒ¸,12,1,2.8333333333333335,66.08333333333333,34.0,12,2.6818181818181817,8.33,æ¹–ç•”åº¦å‡åŒº + ğŸŒ¸èŠ‚èƒ½ç”Ÿæ€ğŸŒ¸
Incite Ender + Valley Trust (breakthrough),12,2,2.8333333333333335,85.16666666666667,34.0,12,2.6818181818181817,16.67,Incite Ender + Valley Trust (breakthrough)
Pobolog (breakthrough) + ğŸŒ¸PoliticalReformğŸŒ¸,34,8,2.735294117647059,73.29411764705883,93.0,34,2.6818181818181817,23.53,Pobolog (breakthrough) + ğŸŒ¸åˆ¶åº¦æ”¹é©ğŸŒ¸
Prism + ğŸŒ¸EliteTechğŸŒ¸,22,6,2.772727272727273,78.86363636363636,61.0,22,2.6875,27.27,æ£±é•œå…‰è°±ç ”ç©¶å®¤ + ğŸŒ¸ç²¾è‹±å›é¦ˆğŸŒ¸
é›©å–µç§‘å­¦æ¢æµ‹å™¨ + ğŸŒ¸Shinra TechğŸŒ¸,16,3,2.8125,87.3125,45.0,16,2.6923076923076925,18.75,é›©å–µç§‘å­¦æ¢æµ‹å™¨ + ğŸŒ¸æ¨±èŠ±ç”µğŸŒ¸
é›©å–µç§‘å­¦æ¢æµ‹å™¨ + ğŸŒ¸EliteTechğŸŒ¸,26,5,2.769230769230769,73.42307692307692,72.0,26,2.6944444444444446,19.23,é›©å–µç§‘å­¦æ¢æµ‹å™¨ + ğŸŒ¸ç²¾è‹±å›é¦ˆğŸŒ¸
ğŸŒ¸EliteTechğŸŒ¸ + ğŸŒ¸Green RingğŸŒ¸,13,2,2.8461538461538463,70.3076923076923,37.0,13,2.6956521739130435,15.38,ğŸŒ¸ç²¾è‹±å›é¦ˆğŸŒ¸ + ğŸŒ¸ç»¿ç¯ğŸŒ¸
Poseidon + é›©å–µç§‘å­¦æ¢æµ‹å™¨,10,1,2.9,70.6,29.0,10,2.7,10.0,Poseidon + é›©å–µç§‘å­¦æ¢æµ‹å™¨
Manutech + Valley Trust (breakthrough),10,1,2.9,72.6,29.0,10,2.7,10.0,Manutech + Valley Trust (breakthrough)
Factorum (breakthrough) + Valley Trust (breakthrough),10,1,2.9,89.6,29.0,10,2.7,10.0,Factorum (breakthrough) + Valley Trust (breakthrough)
Poseidon + ğŸŒ¸Weyland YutaniğŸŒ¸,21,4,2.8095238095238093,76.80952380952381,59.0,21,2.7096774193548385,19.05,Poseidon + ğŸŒ¸éŸ¦å…°å¾·-å°¤å¦å°¼é›†å›¢ğŸŒ¸
Saturn Systems + Vitor,11,2,2.909090909090909,86.27272727272727,32.0,11,2.7142857142857144,18.18,Saturn Systems + Vitor
Poseidon + ğŸŒ¸Scolex IndustriesğŸŒ¸,15,1,2.8666666666666667,70.93333333333334,43.0,15,2.72,6.67,Poseidon + ğŸŒ¸æ˜Ÿæ ¸å·¥ä¸šğŸŒ¸
StormCraft Incorporated (breakthrough) + ğŸŒ¸EliteTechğŸŒ¸,12,2,2.9166666666666665,84.66666666666667,35.0,12,2.727272727272727,16.67,StormCraft Incorporated (breakthrough) + ğŸŒ¸ç²¾è‹±å›é¦ˆğŸŒ¸
ğŸŒ¸Integrated MicroorganismsğŸŒ¸ + ğŸŒ¸StarlinkDrifterğŸŒ¸,20,3,2.85,67.45,57.0,20,2.7333333333333334,15.0,ğŸŒ¸å¾®ç”Ÿç‰©æ˜Ÿå°˜ğŸŒ¸ + ğŸŒ¸æ˜Ÿé“¾æ¼‚æµè€…ğŸŒ¸
Spire + Terralabs Research (breakthrough),13,0,2.923076923076923,60.23076923076923,38.0,13,2.739130434782609,0.0,Spire + Terralabs Research (breakthrough)
é›©å–µç§‘å­¦æ¢æµ‹å™¨ + ğŸŒ¸Mining CorpğŸŒ¸,29,5,2.8275862068965516,81.62068965517241,82.0,29,2.7435897435897436,17.24,é›©å–µç§‘å­¦æ¢æµ‹å™¨ + ğŸŒ¸é’¢é“ç²¾ç‚¼ğŸŒ¸
Teractor (breakthrough) + é›©å–µç§‘å­¦æ¢æµ‹å™¨,33,6,2.8181818181818183,79.06060606060606,93.0,33,2.744186046511628,18.18,Teractor (breakthrough) + é›©å–µç§‘å­¦æ¢æµ‹å™¨
Teractor (breakthrough) + Viron (breakthrough),18,4,2.888888888888889,81.94444444444444,52.0,18,2.75,22.22,Teractor (breakthrough) + Viron (breakthrough)
StormCraft Incorporated (breakthrough) + Valley Trust (breakthrough),11,1,3.0,88.0909090909091,33.0,11,2.761904761904762,9.09,StormCraft Incorporated (breakthrough) + Valley Trust (breakthrough)
Terralabs Research (breakthrough) + Valley Trust (breakthrough),16,3,2.9375,80.125,47.0,16,2.769230769230769,18.75,Terralabs Research (breakthrough) + Valley Trust (breakthrough)
é›©å–µç§‘å­¦æ¢æµ‹å™¨ + ğŸŒ¸Ark NovağŸŒ¸,21,4,2.9047619047619047,79.0,61.0,21,2.774193548387097,19.05,é›©å–µç§‘å­¦æ¢æµ‹å™¨ + ğŸŒ¸æ–¹èˆŸåŠ¨ç‰©å›­ğŸŒ¸
Teractor (breakthrough) + ğŸŒ¸Weyland YutaniğŸŒ¸,18,3,2.9444444444444446,74.55555555555556,53.0,18,2.7857142857142856,16.67,Teractor (breakthrough) + ğŸŒ¸éŸ¦å…°å¾·-å°¤å¦å°¼é›†å›¢ğŸŒ¸
ğŸŒ¸Ark NovağŸŒ¸ + ğŸŒ¸Weyland YutaniğŸŒ¸,14,3,3.0,72.21428571428571,42.0,14,2.7916666666666665,21.43,ğŸŒ¸æ–¹èˆŸåŠ¨ç‰©å›­ğŸŒ¸ + ğŸŒ¸éŸ¦å…°å¾·-å°¤å¦å°¼é›†å›¢ğŸŒ¸
Incite Ender + ğŸŒ¸Weyland YutaniğŸŒ¸,19,4,2.9473684210526314,75.52631578947368,56.0,19,2.793103448275862,21.05,Incite Ender + ğŸŒ¸éŸ¦å…°å¾·-å°¤å¦å°¼é›†å›¢ğŸŒ¸
Playwrights + ğŸŒ¸Shinra TechğŸŒ¸,40,11,2.875,75.425,115.0,40,2.8,27.5,Playwrights + ğŸŒ¸æ¨±èŠ±ç”µğŸŒ¸
Valley Trust (breakthrough) + ğŸŒ¸SolarPlantğŸŒ¸,16,2,3.0,67.5,48.0,16,2.8076923076923075,12.5,Valley Trust (breakthrough) + ğŸŒ¸å¤ªé˜³èƒ½å…¬å¸ğŸŒ¸
Luna Chain + Prism,17,2,3.0,80.52941176470588,51.0,17,2.814814814814815,11.76,è¿æœˆ + æ£±é•œå…‰è°±ç ”ç©¶å®¤
é›©å–µç§‘å­¦æ¢æµ‹å™¨ + ğŸŒ¸Scolex IndustriesğŸŒ¸,18,1,3.0,72.38888888888889,54.0,18,2.8214285714285716,5.56,é›©å–µç§‘å­¦æ¢æµ‹å™¨ + ğŸŒ¸æ˜Ÿæ ¸å·¥ä¸šğŸŒ¸
Playwrights + ğŸŒ¸SolarPlantğŸŒ¸,10,1,3.2,57.6,32.0,10,2.85,10.0,Playwrights + ğŸŒ¸å¤ªé˜³èƒ½å…¬å¸ğŸŒ¸
Hecate Speditions + Pobolog (breakthrough),10,0,3.2,69.2,32.0,10,2.85,0.0,èµ«å¡å¿’æ¢é™©é˜Ÿ + Pobolog (breakthrough)
ğŸŒ¸EliteTechğŸŒ¸ + ğŸŒ¸StarlinkDrifterğŸŒ¸,32,3,2.96875,73.6875,95.0,32,2.857142857142857,9.38,ğŸŒ¸ç²¾è‹±å›é¦ˆğŸŒ¸ + ğŸŒ¸æ˜Ÿé“¾æ¼‚æµè€…ğŸŒ¸
Celestic (breakthrough) + Tycho Magnetics,13,0,3.1538461538461537,70.61538461538461,41.0,13,2.869565217391304,0.0,Celestic (breakthrough) + ç¬¬è°·ç£åŠ›
Factorum (breakthrough) + ğŸŒ¸Ark NovağŸŒ¸,21,3,3.0476190476190474,72.23809523809524,64.0,21,2.870967741935484,14.29,Factorum (breakthrough) + ğŸŒ¸æ–¹èˆŸåŠ¨ç‰©å›­ğŸŒ¸
Point Luna + ğŸŒ¸StarlinkDrifterğŸŒ¸,25,6,3.04,75.64,76.0,25,2.8857142857142857,24.0,Point Luna + ğŸŒ¸æ˜Ÿé“¾æ¼‚æµè€…ğŸŒ¸
Midas + Soylent Seedling Systems,21,3,3.0952380952380953,39.0,65.0,21,2.903225806451613,14.29,Midas + ç´¢ä¼¦ç‰¹å¹¼è‹—ç³»ç»Ÿ
Midas + Void,22,4,3.1818181818181817,39.22727272727273,70.0,22,2.96875,18.18,Midas + Void
Midas + United Nations Mission One,25,2,3.48,42.2,87.0,25,3.2,8.0,Midas + United Nations Mission One
Labour Union + Midas,18,0,3.6666666666666665,29.88888888888889,66.0,18,3.25,0.0,Labour Union + Midas
